Rk,Name,Age,Tm,Yrs,G,GS,Batting,Defense,P,C,1B,2B,3B,SS,LF,CF,RF,OF,PH,PR
1,Matt Alexander\alexama01,31,PIT,6,7,0,7,0,0,0,0,0,0,0,0,0,0,0,0,7
2,Bill Almon\almonbi01,25,SDP,5,138,109,138,126,0,0,0,7,114,15,0,0,0,0,5,15
3,Jesus Alou\alouje01,36,HOU,14,77,27,77,28,0,0,0,0,0,0,27,0,1,28,50,0
4,Rob Andrews\andrero01,25,SFG,4,79,45,79,63,0,0,0,62,0,1,0,0,0,0,16,11
5,Joaquin Andujar\andujjo01,25,HOU,3,36,13,36,35,35,0,0,0,0,0,0,0,0,0,0,1
6,Tucker Ashford\ashfotu01,23,SDP,3,75,35,75,59,0,0,14,18,32,0,0,0,0,0,23,0
7,Brian Asselstine\asselbr01,24,ATL,3,39,26,39,35,0,0,0,0,0,0,0,11,31,35,10,1
8,Bill Atkinson\atkinbi01,23,MON,3,29,0,29,29,29,0,0,0,0,0,0,0,0,0,0,0
9,Rick Auerbach\auerbri01,28,CIN,8,63,10,63,39,0,0,0,11,3,26,0,0,0,0,17,13
10,Stan Bahnsen\bahnsst01,33,MON,12,44,1,44,44,44,0,0,0,0,0,0,0,0,0,0,0
11,Doug Bair\bairdo01,28,CIN,3,70,0,70,70,70,0,0,0,0,0,0,0,0,0,0,0
12,Chuck Baker\bakerch02,25,SDP,1st,44,13,44,36,0,0,0,24,0,12,0,0,0,0,9,4
13,Dusty Baker\bakerdu01,29,LAD,11,149,142,149,145,0,0,0,0,0,0,145,0,0,145,5,0
14,Reggie Baldwin\baldwre01,23,HOU,1st,38,13,38,17,0,17,0,0,0,0,0,0,0,0,21,0
15,Floyd Bannister\bannifl01,23,HOU,2,28,16,28,28,28,0,0,0,0,0,0,0,0,0,0,0
16,Jim Barr\barrji01,30,SFG,8,34,25,34,32,32,0,0,0,0,0,0,0,0,0,0,2
17,Bob Beall\beallbo01,30,ATL,2,108,34,108,46,0,0,40,0,0,0,6,2,0,8,64,2
18,Rob Belloir\belloro01,29,ATL,4,2,0,2,2,0,0,0,0,1,1,0,0,0,0,0,0
19,Johnny Bench\benchjo01,30,CIN,12,120,107,120,111,0,107,11,0,0,0,1,0,1,2,12,0
20,Bruce Benedict\benedbr01,22,ATL,1st,22,16,22,22,0,22,0,0,0,0,0,0,0,0,0,1
21,Butch Benton\bentobu01,20,NYM,1st,4,0,4,1,0,1,0,0,0,0,0,0,0,0,2,1
22,Juan Berenguer\berenju01,23,NYM,1st,5,3,5,5,5,0,0,0,0,0,0,0,0,0,0,0
23,Dave Bergman\bergmda01,25,HOU,3,104,49,104,83,0,0,66,0,0,0,29,0,0,29,22,10
24,Dwight Bernard\bernadw01,26,NYM,1st,30,1,30,30,30,0,0,0,0,0,0,0,0,0,0,0
25,Dale Berra\berrada01,21,PIT,2,56,37,56,56,0,0,0,0,55,2,0,0,0,0,0,2
26,Jim Beswick\beswiji01,20,SDP,1st,17,2,17,6,0,0,0,0,0,0,0,2,4,6,7,5
27,Jim Bibby\bibbyji01,33,PIT,7,34,14,34,34,34,0,0,0,0,0,0,0,0,0,0,0
28,Larry Biittner\biittla01,31,CHC,9,120,75,120,88,0,0,62,0,0,0,29,0,0,29,39,2
29,Tim Blackwell\blackti01,25,CHC,5,49,38,49,49,0,49,0,0,0,0,0,0,0,0,0,0
30,Vida Blue\bluevi01,28,SFG,10,35,35,35,35,35,0,0,0,0,0,0,0,0,0,0,0
31,Bert Blyleven\blylebe01,27,PIT,9,37,34,37,34,34,0,0,0,0,0,0,0,0,0,0,3
32,Bruce Bochy\bochybr01,23,HOU,1st,54,45,54,53,0,53,0,0,0,0,0,0,0,0,3,0
33,Tommy Boggs\boggsto01,22,ATL,3,16,12,16,16,16,0,0,0,0,0,0,0,0,0,0,0
34,Bruce Boisclair\boiscbr01,25,NYM,4,107,44,107,70,0,0,1,0,0,0,12,2,59,69,52,2
35,Dan Boitano\boitada01,25,PHI,1st,1,0,1,1,1,0,0,0,0,0,0,0,0,0,0,0
36,Bill Bonham\bonhabi01,29,CIN,8,23,23,23,23,23,0,0,0,0,0,0,0,0,0,0,0
37,Barry Bonnell\bonneba01,24,ATL,2,117,73,117,113,0,0,0,0,15,0,58,62,12,105,2,22
38,Bob Boone\boonebo01,30,PHI,7,132,120,132,130,0,129,3,0,0,0,1,0,0,1,5,0
39,Pedro Borbon\borbope01,31,CIN,10,62,0,62,62,62,0,0,0,0,0,0,0,0,0,0,0
40,Jim Bouton\boutoji01,39,ATL,10,5,5,5,5,5,0,0,0,0,0,0,0,0,0,0,0
41,Larry Bowa\bowala01,32,PHI,9,156,155,156,156,0,0,0,0,0,156,0,0,0,0,0,0
42,Doe Boyland\boylado01,23,PIT,1st,6,0,6,1,0,0,1,0,0,0,0,0,0,0,5,1
43,Lou Brock\brocklo01,39,STL,18,92,70,92,79,0,0,0,0,0,0,79,0,0,79,18,3
44,Mike Bruhert\bruhemi01,27,NYM,1st,27,22,27,27,27,0,0,0,0,0,0,0,0,0,0,0
45,Tom Bruno\brunoto01,25,STL,3,18,3,18,18,18,0,0,0,0,0,0,0,0,0,0,0
46,Warren Brusstar\brusswa01,26,PHI,2,58,0,58,58,58,0,0,0,0,0,0,0,0,0,0,1
47,Steve Brye\bryest01,29,PIT,9,66,23,66,47,0,0,0,0,0,0,28,7,12,47,23,1
48,Bill Buckner\bucknbi01,28,CHC,10,117,104,117,105,0,0,105,0,0,0,0,0,0,0,13,0
49,Glenn Burke\burkegl01,25,LAD,3,16,1,16,15,0,0,0,0,0,0,4,11,0,15,0,2
50,Ray Burris\burrira01,27,CHC,6,41,32,41,40,40,0,0,0,0,0,0,0,0,0,0,1
51,Jeff Burroughs\burroje01,27,ATL,9,153,147,153,146,0,0,0,0,0,0,146,0,0,146,6,0
52,Enos Cabell\cabelen01,28,HOU,7,162,161,162,162,0,0,14,0,153,1,0,0,0,0,0,0
53,Rick Camp\campri01,25,ATL,3,42,4,42,42,42,0,0,0,0,0,0,0,0,0,0,0
54,Dave Campbell\campbda02,26,ATL,2,53,0,53,53,53,0,0,0,0,0,0,0,0,0,0,0
55,John Candelaria\candejo01,24,PIT,4,31,29,31,30,30,0,0,0,0,0,0,0,0,0,1,0
56,Joe Cannon\cannojo01,24,HOU,2,8,4,8,5,0,0,0,0,0,0,3,2,0,5,3,0
57,Doug Capilla\capildo01,26,CIN,3,7,3,7,6,6,0,0,0,0,0,0,0,0,0,0,1
58,Jose Cardenal\cardejo02,34,PHI,16,87,47,87,57,0,0,50,0,0,0,10,0,4,13,37,0
59,Steve Carlton\carltst01,33,PHI,14,34,34,34,34,34,0,0,0,0,0,0,0,0,0,0,0
60,Clay Carroll\carrocl02,37,PIT,15,2,0,2,2,2,0,0,0,0,0,0,0,0,0,0,0
61,Gary Carter\cartega01,24,MON,5,157,147,157,152,0,152,1,0,0,0,0,0,0,0,9,0
62,Dave Cash\cashda01,30,MON,10,159,159,159,159,0,0,0,159,0,0,0,0,0,0,0,0
63,Bobby Castillo\castibo01,23,LAD,2,18,0,18,18,18,0,0,0,0,0,0,0,0,0,0,0
64,Tony Castillo\castito01,21,SDP,1st,5,3,5,5,0,5,0,0,0,0,0,0,0,0,0,0
65,Cesar Cedeno\cedence01,27,HOU,9,50,50,50,50,0,0,0,0,0,0,0,50,0,50,0,0
66,Ron Cey\ceyro01,30,LAD,8,159,158,159,158,0,0,0,0,158,0,0,0,0,0,1,0
67,Mike Champion\champmi01,23,SDP,3,32,12,32,23,0,0,0,20,4,0,0,0,0,0,11,0
68,Darrel Chaney\chaneda01,30,ATL,10,89,60,89,81,0,0,0,1,8,77,0,0,0,0,16,1
69,Larry Christenson\chrisla01,24,PHI,6,33,33,33,33,33,0,0,0,0,0,0,0,0,0,0,0
70,Jack Clark\clarkja01,22,SFG,4,156,150,156,152,0,0,0,0,0,0,0,0,152,152,6,0
71,Gene Clines\clinege01,31,CHC,9,109,47,109,66,0,0,0,0,0,0,35,11,25,66,52,3
72,Dave Collins\collida02,25,CIN,4,102,9,102,23,0,0,0,0,0,0,3,16,5,23,74,12
73,Bob Coluccio\colucbo01,26,STL,5,5,0,5,2,0,0,0,0,0,0,1,0,1,2,2,2
74,Dave Concepcion\conceda01,30,CIN,9,153,150,153,152,0,0,0,0,0,152,0,0,0,0,3,0
75,Mardie Cornejo\cornema01,26,NYM,1st,25,0,25,25,25,0,0,0,0,0,0,0,0,0,0,1
76,Terry Cornutt\cornute01,25,SFG,2,1,0,1,1,1,0,0,0,0,0,0,0,0,0,0,0
77,Vic Correll\correvi01,32,CIN,6,52,28,52,52,0,52,0,0,0,0,0,0,0,0,2,1
78,Larry Cox\coxla01,30,CHC,5,59,40,59,58,0,58,0,0,0,0,0,0,0,0,2,0
79,Warren Cromartie\cromawa01,24,MON,4,159,158,159,158,0,0,4,0,0,0,157,0,0,157,1,0
80,Hector Cruz\cruzhe01,25,2TM,5,109,63,109,85,0,0,0,0,21,0,32,31,14,68,35,1
81,Jose Cruz\cruzjo01,30,HOU,9,153,151,153,152,0,0,2,0,0,0,0,0,152,152,1,0
82,Todd Cruz\cruzto02,22,PHI,1st,3,1,3,2,0,0,0,0,0,2,0,0,0,0,0,1
83,John Curtis\curtijo01,30,SFG,9,46,0,46,46,46,0,0,0,0,0,0,0,0,0,0,0
84,John D'Acquisto\d'acqjo01,26,SDP,6,45,3,45,45,45,0,0,0,0,0,0,0,0,0,0,0
85,Vic Davalillo\davalvi01,38,LAD,14,75,4,75,26,0,0,1,0,0,0,16,2,7,25,52,6
86,Mike Davey\daveymi01,26,ATL,2,3,0,3,3,3,0,0,0,0,0,0,0,0,0,0,0
87,Bob Davis\davisbo02,26,SDP,5,19,10,19,16,0,16,0,0,0,0,0,0,0,0,3,2
88,Andre Dawson\dawsoan01,23,MON,3,157,151,157,153,0,0,0,0,0,0,0,153,0,153,5,0
89,Ivan de Jesus\dejesiv01,25,CHC,5,160,158,160,160,0,0,0,0,0,160,0,0,0,0,1,0
90,Arturo DeFreites\defrear01,25,CIN,1st,9,6,9,6,0,0,6,0,0,0,0,0,0,0,3,0
91,John Denny\dennyjo01,25,STL,5,33,33,33,33,33,0,0,0,0,0,0,0,0,0,0,0
92,Adrian Devine\devinad01,26,ATL,5,31,6,31,31,31,0,0,0,0,0,0,0,0,0,0,0
93,Kerry Dineen\dineeke01,25,PHI,3,5,1,5,1,0,0,0,0,0,0,1,0,0,1,4,0
94,Tom Dixon\dixonto01,23,HOU,2,30,19,30,30,30,0,0,0,0,0,0,0,0,0,0,0
95,Rob Dressler\dressro01,24,STL,3,3,2,3,3,3,0,0,0,0,0,0,0,0,0,0,0
96,Dan Driessen\driesda01,26,CIN,6,153,142,153,151,0,0,151,0,0,0,0,0,0,0,6,1
97,Keith Drumright\drumrke01,23,HOU,1st,17,15,17,17,0,0,0,17,0,0,0,0,0,0,0,0
98,Hal Dues\duesha01,23,MON,2,25,12,25,25,25,0,0,0,0,0,0,0,0,0,0,0
99,Dan Dumoulin\dumouda01,24,CIN,2,3,0,3,3,3,0,0,0,0,0,0,0,0,0,0,0
100,Jim Dwyer\dwyerji01,28,2TM,6,107,59,107,80,0,0,29,0,0,0,21,28,14,58,30,7
101,Duffy Dyer\dyerdu01,32,PIT,11,58,54,58,55,0,55,0,0,0,0,0,0,0,0,3,0
102,Jamie Easterly\easteja01,25,ATL,5,37,6,37,37,37,0,0,0,0,0,0,0,0,0,0,0
103,Rawly Eastwick\eastwra01,27,PHI,5,22,0,22,22,22,0,0,0,0,0,0,0,0,0,0,0
104,Juan Eichelberger\eicheju01,24,SDP,1st,3,0,3,3,3,0,0,0,0,0,0,0,0,0,0,0
105,Nino Espinosa\espinni01,24,NYM,5,32,32,32,32,32,0,0,0,0,0,0,0,0,0,0,0
106,Barry Evans\evansba01,22,SDP,1st,24,23,24,24,0,0,0,0,24,0,0,0,0,0,0,0
107,Darrell Evans\evansda01,31,SFG,10,159,154,159,155,0,0,0,0,155,0,0,0,0,0,5,0
108,Pete Falcone\falcope01,24,STL,4,19,14,19,19,19,0,0,0,0,0,0,0,0,0,0,0
109,Joe Ferguson\fergujo01,31,2TM,9,118,105,118,115,0,113,0,0,0,0,2,0,1,3,10,0
110,Sergio Ferrer\ferrese01,27,NYM,3,37,7,37,33,0,0,0,3,2,29,0,0,0,0,1,13
111,Rollie Fingers\fingero01,31,SDP,11,67,0,67,67,67,0,0,0,0,0,0,0,0,0,0,0
112,Mike Fischlin\fischmi01,22,HOU,2,44,29,44,41,0,0,0,0,0,41,0,0,0,0,3,4
113,Gil Flores\floregi01,25,NYM,2,11,8,11,8,0,0,0,0,0,0,1,6,2,8,1,2
114,Doug Flynn\flynndo01,27,NYM,4,156,156,156,156,0,0,0,126,0,61,0,0,0,0,0,0
115,Tim Foli\foliti01,27,NYM,9,113,105,113,112,0,0,0,0,0,112,0,0,0,0,1,0
116,Barry Foote\footeba01,26,PHI,6,39,11,39,31,0,31,0,0,0,0,0,0,0,0,13,0
117,Bob Forsch\forscbo01,28,STL,5,34,34,34,34,34,0,0,0,0,0,0,0,0,0,0,0
118,Ken Forsch\forscke01,31,HOU,9,52,6,52,52,52,0,0,0,0,0,0,0,0,0,0,0
119,Terry Forster\forstte01,26,LAD,8,47,0,47,47,47,0,0,0,0,0,0,0,0,0,0,0
120,George Foster\fostege01,29,CIN,10,158,157,158,157,0,0,0,0,0,0,154,11,0,157,1,0
121,George Frazier\frazige01,23,STL,1st,14,0,14,14,14,0,0,0,0,0,0,0,0,0,0,0
122,Roger Freed\freedro01,32,STL,7,52,19,52,20,0,0,15,0,0,0,3,0,3,6,33,0
123,Jim Fregosi\fregoji01,36,PIT,18,20,4,20,8,0,0,2,1,5,0,0,0,0,0,15,0
124,Dave Freisleben\freisda01,26,SDP,5,12,4,12,12,12,0,0,0,0,0,0,0,0,0,0,0
125,Pepe Frias\friaspe01,29,MON,6,73,0,73,64,0,0,0,61,0,3,0,0,0,0,3,14
126,Jerry Fry\fryje01,22,MON,1st,4,2,4,4,0,4,0,0,0,0,0,0,0,0,0,0
127,Woodie Fryman\frymawo01,38,2TM,13,32,26,32,32,32,0,0,0,0,0,0,0,0,0,0,0
128,Oscar Gamble\gamblos01,28,SDP,10,126,106,126,107,0,0,0,0,0,0,39,0,71,107,19,1
129,Gene Garber\garbege01,30,2TM,9,66,1,66,65,65,0,0,0,0,0,0,0,0,0,0,0
130,Art Gardner\gardnar01,25,SFG,3,7,0,7,0,0,0,0,0,0,0,0,0,0,0,3,4
131,Mike Garman\garmami01,28,2TM,9,57,0,57,57,57,0,0,0,0,0,0,0,0,0,0,0
132,Phil Garner\garneph01,29,PIT,6,154,152,154,153,0,0,0,81,81,4,0,0,0,0,1,0
133,Wayne Garrett\garrewa01,30,2TM,10,82,28,82,32,0,0,0,0,32,0,0,0,0,0,52,1
134,Steve Garvey\garvest01,29,LAD,10,162,162,162,161,0,0,161,0,0,0,0,0,0,0,0,0
135,Cito Gaston\gastoci01,34,2TM,11,62,23,62,33,0,0,4,0,0,0,14,1,17,30,30,2
136,Dave Geisel\geiseda01,23,CHC,1st,18,1,18,18,18,0,0,0,0,0,0,0,0,0,0,0
137,Cesar Geronimo\geronce01,30,CIN,10,122,85,122,115,0,0,0,0,0,0,0,115,0,115,12,4
138,Rod Gilbreath\gilbrro01,25,ATL,7,116,87,116,98,0,0,0,39,62,0,0,0,0,0,12,9
139,Fernando Gonzalez\gonzafe01,28,2TM,5,110,91,110,101,0,0,0,98,3,0,0,0,0,0,10,0
140,Julio Gonzalez\gonzaju02,25,HOU,2,78,49,78,70,0,0,0,54,4,17,0,0,0,0,14,3
141,Orlando Gonzalez\gonzaor01,26,PHI,2,26,3,26,14,0,0,3,0,0,0,1,0,10,11,15,2
142,Mike Gordon\gordomi01,24,CHC,2,4,1,4,4,0,4,0,0,0,0,0,0,0,0,0,0
143,Mike Grace\gracemi01,22,CIN,1st,5,0,5,2,0,0,0,0,2,0,0,0,0,0,3,0
144,Tom Grieve\grievto01,30,NYM,8,54,21,54,28,0,0,2,0,0,0,2,0,24,26,27,0
145,Ken Griffey\griffke01,28,CIN,6,158,150,158,154,0,0,0,0,0,0,0,13,142,154,7,0
146,Ross Grimsley\grimsro02,28,MON,8,36,36,36,36,36,0,0,0,0,0,0,0,0,0,0,0
147,Greg Gross\grossgr01,25,CHC,6,124,76,124,111,0,0,0,0,0,0,41,71,12,111,32,2
148,Jerry Grote\groteje01,35,LAD,15,41,15,41,39,0,32,0,0,7,0,0,0,0,0,3,1
149,Pedro Guerrero\guerrpe01,22,LAD,1st,5,0,5,4,0,0,4,0,0,0,0,0,0,0,1,0
150,Brad Gulden\guldebr01,22,LAD,1st,3,0,3,3,0,3,0,0,0,0,0,0,0,0,0,0
151,Ed Halicki\haliced01,27,SFG,5,29,28,29,29,29,0,0,0,0,0,0,0,0,0,0,0
152,Dave Hamilton\hamilda01,30,2TM,7,29,0,29,29,29,0,0,0,0,0,0,0,0,0,0,0
153,Preston Hanna\hannapr01,23,ATL,4,29,28,29,29,29,0,0,0,0,0,0,0,0,0,0,0
154,Gerry Hannahs\hannage01,25,LAD,3,1,0,1,1,1,0,0,0,0,0,0,0,0,0,0,0
155,Bud Harrelson\harrebu01,34,PHI,14,71,22,71,58,0,0,0,44,0,15,0,0,0,0,10,12
156,Vic Harris\harrivi01,28,SFG,7,53,18,53,37,0,0,0,10,0,22,4,2,1,6,18,6
157,Tom Hausman\hausmto01,25,NYM,3,10,10,10,10,10,0,0,0,0,0,0,0,0,0,0,0
158,Richie Hebner\hebneri01,30,PHI,11,137,120,137,135,0,0,117,1,19,0,0,0,0,0,13,1
159,Tom Heintzelman\heintto01,31,SFG,4,27,2,27,10,0,0,2,5,3,0,0,0,0,0,21,0
160,Ken Henderson\hendeke01,32,2TM,14,71,40,71,45,0,0,0,0,0,0,0,30,17,45,30,0
161,Steve Henderson\hendest01,25,NYM,2,157,151,157,155,0,0,0,0,0,0,155,0,0,155,4,0
162,George Hendrick\hendrge01,28,2TM,8,138,128,138,134,0,0,0,0,0,0,3,114,17,134,6,0
163,Enzo Hernandez\hernaen01,29,LAD,8,4,1,4,2,0,0,0,0,0,2,0,0,0,0,0,2
164,Keith Hernandez\hernake01,24,STL,5,159,148,159,158,0,0,158,0,0,0,0,0,0,0,5,0
165,Willie Hernandez\hernawi01,23,CHC,2,55,0,55,54,54,0,0,0,0,0,0,0,0,0,0,1
166,Larry Herndon\herndla01,24,SFG,4,151,121,151,149,0,0,0,0,0,0,0,149,0,149,4,5
167,Ed Herrmann\herrmed01,31,2TM,11,35,20,35,26,0,26,0,0,0,0,0,0,0,0,10,0
168,Marc Hill\hillma01,26,SFG,6,117,104,117,116,0,116,2,0,0,0,0,0,0,0,5,0
169,Ron Hodges\hodgero01,29,NYM,6,47,25,47,30,0,30,0,0,0,0,0,0,0,0,19,0
170,Fred Holdsworth\holdsfr01,26,MON,6,6,0,6,6,6,0,0,0,0,0,0,0,0,0,0,0
171,Ken Holtzman\holtzke01,32,CHC,14,23,6,23,23,23,0,0,0,0,0,0,0,0,0,0,0
172,Burt Hooton\hootobu01,28,LAD,8,32,32,32,32,32,0,0,0,0,0,0,0,0,0,0,0
173,Bob Horner\hornebo01,20,ATL,1st,89,88,89,89,0,0,0,0,89,0,0,0,0,0,0,0
174,Charlie Hough\houghch01,30,LAD,9,55,0,55,55,55,0,0,0,0,0,0,0,0,0,0,0
175,Wilbur Howard\howarwi01,29,HOU,6,84,21,84,41,0,3,0,1,0,0,30,5,4,38,54,5
176,Art Howe\howear01,31,HOU,5,119,116,119,116,0,0,1,107,11,0,0,0,0,0,3,0
177,Glenn Hubbard\hubbagl01,20,ATL,1st,44,44,44,44,0,0,0,44,0,0,0,0,0,0,0,0
178,Tom Hume\humeto01,25,CIN,2,43,23,43,42,42,0,0,0,0,0,0,0,0,0,0,1
179,Tom Hutton\huttoto01,32,MON,9,39,9,39,21,0,0,17,0,0,0,3,1,1,5,22,1
180,Dane Iorg\iorgda01,28,STL,2,35,21,35,25,0,0,0,0,0,0,8,0,18,25,13,0
181,Mike Ivie\iviemi01,25,SFG,6,117,76,117,86,0,0,75,0,0,0,22,0,0,22,39,0
182,Grant Jackson\jacksgr01,35,PIT,14,60,0,60,60,60,0,0,0,0,0,0,0,0,0,0,0
183,Roy Lee Jackson\jacksro03,24,NYM,2,4,2,4,4,4,0,0,0,0,0,0,0,0,0,0,0
184,Bob James\jamesbo01,19,MON,1st,4,1,4,4,4,0,0,0,0,0,0,0,0,0,0,0
185,Skip James\jamessk01,28,SFG,2,41,0,41,27,0,0,27,0,0,0,0,0,0,0,14,10
186,Tommy John\johnto01,35,LAD,15,33,30,33,33,33,0,0,0,0,0,0,0,0,0,0,0
187,Davey Johnson\johnsda02,35,2TM,13,68,29,68,41,0,0,7,15,21,0,0,0,0,0,33,2
188,Jay Johnstone\johnsja01,32,PHI,13,35,11,35,14,0,0,8,0,0,0,3,0,4,7,21,0
189,Odell Jones\jonesod01,25,PIT,3,3,1,3,3,3,0,0,0,0,0,0,0,0,0,0,0
190,Randy Jones\jonesra01,28,SDP,6,38,36,38,37,37,0,0,0,0,0,0,0,0,0,0,1
191,Jim Kaat\kaatji01,39,PHI,20,26,24,26,26,26,0,0,0,0,0,0,0,0,0,0,0
192,Mick Kelleher\kellemi02,30,CHC,7,68,24,68,62,0,0,0,17,37,10,0,0,0,0,3,12
193,Junior Kennedy\kenneju01,27,CIN,2,89,42,89,74,0,0,0,70,5,0,0,0,0,0,16,3
194,Terry Kennedy\kennete02,22,STL,1st,10,9,10,10,0,10,0,0,0,0,0,0,0,0,1,0
195,Dave Kingman\kingmda01,29,CHC,8,119,106,119,106,0,0,6,0,0,0,100,0,0,100,13,0
196,Dennis Kinney\kinnede01,26,SDP,1st,7,0,7,7,7,0,0,0,0,0,0,0,0,0,0,0
197,Bruce Kison\kisonbr01,28,PIT,8,28,11,28,28,28,0,0,0,0,0,0,0,0,0,0,0
198,Bob Knepper\kneppbo01,24,SFG,3,36,35,36,36,36,0,0,0,0,0,0,0,0,0,0,0
199,Ray Knight\knighra01,25,CIN,3,83,8,83,68,0,0,1,4,60,1,2,0,1,3,20,2
200,Darold Knowles\knowlda01,36,MON,14,60,0,60,60,60,0,0,0,0,0,0,0,0,0,0,0
201,Kevin Kobel\kobelke01,24,NYM,4,32,11,32,32,32,0,0,0,0,0,0,0,0,0,0,0
202,Jerry Koosman\koosmje01,35,NYM,12,38,32,38,38,38,0,0,0,0,0,0,0,0,0,0,0
203,Ed Kranepool\kraneed01,33,NYM,17,66,9,66,15,0,0,3,0,0,0,3,0,9,12,57,0
204,Mike Krukow\krukomi01,26,CHC,3,27,20,27,27,27,0,0,0,0,0,0,0,0,0,0,0
205,Frank LaCorte\lacorfr01,26,ATL,4,2,2,2,2,2,0,0,0,0,0,0,0,0,0,0,0
206,Mike LaCoss\lacosmi01,22,CIN,1st,17,15,17,16,16,0,0,0,0,0,0,0,0,0,1,0
207,Lee Lacy\lacyle01,30,LAD,7,103,56,103,73,0,0,0,24,9,1,18,0,27,44,36,2
208,Dennis Lamp\lampde01,25,CHC,2,37,36,37,37,37,0,0,0,0,0,0,0,0,0,0,0
209,Rafael Landestoy\landera01,25,HOU,2,59,48,59,50,0,0,0,2,0,50,1,2,0,3,10,1
210,Dan Larson\larsoda01,23,PHI,3,1,0,1,1,1,0,0,0,0,0,0,0,0,0,0,0
211,Gary Lavelle\lavelga01,29,SFG,5,67,0,67,67,67,0,0,0,0,0,0,0,0,0,0,0
212,Rudy Law\lawru01,21,LAD,1st,11,1,11,6,0,0,0,0,0,0,3,3,0,6,1,5
213,Mark Lee\leema01,25,SDP,1st,56,0,56,56,56,0,0,0,0,0,0,0,0,0,0,0
214,Johnnie LeMaster\lemasjo01,24,SFG,4,101,85,101,98,0,0,0,2,0,96,0,0,0,0,0,6
215,Mark Lemongello\lemonma01,22,HOU,3,33,30,33,33,33,0,0,0,0,0,0,0,0,0,0,0
216,Jim Lentine\lentiji01,23,STL,1st,8,3,8,3,0,0,0,0,0,0,2,0,1,3,2,3
217,Max Leon\leonma01,28,ATL,6,6,0,6,5,5,0,0,0,0,0,0,0,0,0,0,1
218,Jeffrey Leonard\leonaje01,22,HOU,2,8,7,8,8,0,0,0,0,0,0,4,2,2,8,1,0
219,Randy Lerch\lerchra01,23,PHI,4,36,28,36,33,33,0,0,0,0,0,0,0,0,0,0,3
220,Dennis Lewallyn\lewalde01,24,LAD,4,1,0,1,1,1,0,0,0,0,0,0,0,0,0,0,0
221,Mark Littell\littema01,25,STL,5,72,2,72,72,72,0,0,0,0,0,0,0,0,0,0,0
222,Dennis Littlejohn\littlde01,23,SFG,1st,2,0,2,2,0,2,0,0,0,0,0,0,0,0,0,1
223,Skip Lockwood\lockwsk01,31,NYM,11,57,0,57,57,57,0,0,0,0,0,0,0,0,0,0,0
224,Alberto Lois\loisal01,22,PIT,1st,3,1,3,2,0,0,0,0,0,0,2,1,0,2,0,1
225,Mickey Lolich\lolicmi01,37,SDP,15,20,2,20,20,20,0,0,0,0,0,0,0,0,0,0,0
226,Jim Lonborg\lonboji01,36,PHI,14,22,22,22,22,22,0,0,0,0,0,0,0,0,0,0,0
227,Davey Lopes\lopesda01,33,LAD,7,151,145,151,147,0,0,0,147,0,0,0,2,0,2,1,4
228,Aurelio Lopez\lopezau01,29,STL,2,25,4,25,25,25,0,0,0,0,0,0,0,0,0,0,0
229,Mike Lum\lummi01,32,CIN,12,86,33,86,50,0,0,7,0,0,0,10,26,9,43,42,1
230,Greg Luzinski\luzingr01,27,PHI,9,155,154,155,154,0,0,0,0,0,0,154,0,0,154,1,0
231,Ken Macha\machake01,27,PIT,3,29,15,29,21,0,0,0,0,21,0,0,0,0,0,8,3
232,Pete Mackanin\mackape01,26,PHI,6,5,1,5,2,0,0,1,0,1,0,0,0,0,0,4,0
233,Elliott Maddox\maddoel01,30,NYM,9,119,104,119,113,0,0,1,0,44,0,0,13,72,79,9,2
234,Garry Maddox\maddoga01,28,PHI,7,155,154,155,154,0,0,0,0,0,0,0,154,0,154,1,0
235,Jerry Maddox\maddoje01,24,ATL,1st,7,4,7,5,0,0,0,0,5,0,0,0,0,0,2,0
236,Bill Madlock\madlobi01,27,SFG,6,122,112,122,114,0,0,3,114,0,0,0,0,0,0,10,0
237,Mickey Mahler\mahlemi01,25,ATL,2,34,21,34,34,34,0,0,0,0,0,0,0,0,0,0,0
238,Jerry Martin\martije01,29,PHI,5,128,56,128,112,0,0,0,0,0,0,48,23,56,112,26,16
239,Silvio Martinez\martisi01,22,STL,2,22,22,22,22,22,0,0,0,0,0,0,0,0,0,0,0
240,Ted Martinez\martite01,30,LAD,8,54,10,54,43,0,0,0,10,16,17,0,0,0,0,4,16
241,Gary Matthews\matthga01,27,ATL,7,129,126,129,127,0,0,0,0,0,0,1,0,127,127,3,0
242,Dave May\mayda01,34,PIT,12,5,0,5,0,0,0,0,0,0,0,0,0,0,0,5,0
243,Rudy May\mayru01,33,MON,11,27,23,27,27,27,0,0,0,0,0,0,0,0,0,0,0
244,Lee Mazzilli\mazzile01,23,NYM,3,148,138,148,144,0,0,0,0,0,0,0,144,0,144,8,2
245,Bake McBride\mcbriba01,29,PHI,6,122,110,122,119,0,0,0,0,0,0,0,2,118,119,7,1
246,Tim McCarver\mccarti01,36,PHI,19,90,36,90,38,0,34,11,0,0,0,0,0,0,0,53,0
247,Willie McCovey\mccovwi01,40,SFG,20,108,95,108,97,0,0,97,0,0,0,0,0,0,0,12,0
248,Will McEnaney\mcenawi01,26,PIT,5,6,0,6,6,6,0,0,0,0,0,0,0,0,0,0,0
249,Lynn McGlothen\mcgloly01,28,2TM,7,54,2,54,54,54,0,0,0,0,0,0,0,0,0,0,0
250,Tug McGraw\mcgratu01,33,PHI,13,55,1,55,55,55,0,0,0,0,0,0,0,0,0,0,0
251,Bo McLaughlin\mclaubo01,24,HOU,3,12,1,12,12,12,0,0,0,0,0,0,0,0,0,0,0
252,Larry McWilliams\mcwilla01,24,ATL,1st,15,15,15,15,15,0,0,0,0,0,0,0,0,0,0,0
253,Sam Mejias\mejiasa01,26,MON,3,67,6,67,53,1,0,0,0,0,0,24,4,25,52,10,18
254,Mario Mendoza\mendoma01,27,PIT,5,57,6,57,53,0,0,0,21,19,14,0,0,0,0,2,6
255,Rudy Meoli\meoliru01,27,CHC,5,47,3,47,11,0,0,0,6,5,0,0,0,0,0,23,16
256,Butch Metzger\metzgbu01,26,NYM,5,25,0,25,25,25,0,0,0,0,0,0,0,0,0,0,0
257,Roger Metzger\metzgro01,30,2TM,9,120,105,120,117,0,0,0,1,0,116,0,0,0,0,4,0
258,Eddie Miller\milleed04,21,ATL,2,6,5,6,5,0,0,0,0,0,0,2,3,0,5,0,1
259,Randy Miller\millera05,25,MON,2,5,0,5,5,5,0,0,0,0,0,0,0,0,0,0,0
260,John Milner\milnejo01,28,PIT,8,108,82,108,92,0,0,28,0,0,0,68,0,1,69,22,0
261,Greg Minton\mintogr01,26,SFG,4,11,0,11,11,11,0,0,0,0,0,0,0,0,0,0,0
262,Randy Moffitt\moffira01,29,SFG,7,70,0,70,70,70,0,0,0,0,0,0,0,0,0,0,0
263,Rick Monday\mondari01,32,LAD,13,119,96,119,103,0,0,1,0,0,0,11,79,31,103,17,1
264,Willie Montanez\montawi01,30,NYM,10,159,158,159,158,0,0,158,0,0,0,0,0,0,0,1,0
265,John Montefusco\montejo01,28,SFG,5,37,36,37,36,36,0,0,0,0,0,0,0,0,0,0,1
266,Donnie Moore\mooredo01,24,CHC,3,71,1,71,71,71,0,0,0,0,0,0,0,0,0,0,0
267,Jerry Morales\moralje01,29,STL,10,130,119,130,126,0,0,0,0,0,0,0,34,94,126,8,0
268,Keith Moreland\morelke01,24,PHI,1st,1,0,1,1,0,1,0,0,0,0,0,0,0,0,0,0
269,Omar Moreno\morenom01,25,PIT,4,155,137,155,152,0,0,0,0,0,0,0,152,0,152,5,4
270,Joe Morgan\morgajo02,34,CIN,16,132,120,132,123,0,0,0,123,0,0,0,0,0,0,12,0
271,Jim Morrison\morriji01,25,PHI,2,53,30,53,35,0,0,0,31,3,0,1,0,0,1,12,8
272,Paul Moskau\moskapa01,24,CIN,2,29,25,29,26,26,0,0,0,0,0,0,0,0,0,1,2
273,Manny Mota\motama01,40,LAD,17,37,0,37,0,0,0,0,0,0,0,0,0,0,0,37,0
274,Jerry Mumphrey\mumphje01,25,STL,5,125,88,125,116,0,0,0,0,0,0,48,30,48,116,18,6
275,Steve Mura\murast01,23,SDP,1st,5,2,5,5,5,0,0,0,0,0,0,0,0,0,0,0
276,Bobby Murcer\murcebo01,32,CHC,12,146,133,146,138,0,0,0,0,0,0,0,33,121,138,13,0
277,Dale Murphy\murphda05,22,ATL,3,151,141,151,147,0,21,129,0,0,0,0,0,0,0,8,0
278,Dale Murray\murrada01,28,2TM,5,68,0,68,68,68,0,0,0,0,0,0,0,0,0,0,0
279,Bob Myrick\myricbo01,25,NYM,3,17,0,17,17,17,0,0,0,0,0,0,0,0,0,0,0
280,Phil Nastu\nastuph01,23,SFG,1st,3,1,3,3,3,0,0,0,0,0,0,0,0,0,0,0
281,Steve Nicosia\nicosst01,22,PIT,1st,3,1,3,1,0,1,0,0,0,0,0,0,0,0,2,0
282,Joe Niekro\niekrjo01,33,HOU,12,36,29,36,35,35,0,0,0,0,0,0,0,0,0,1,0
283,Phil Niekro\niekrph01,39,ATL,15,45,42,45,44,44,0,0,0,0,0,0,0,0,0,1,0
284,Joe Nolan\nolanjo01,27,ATL,4,95,53,95,60,0,60,0,0,0,0,0,0,0,0,40,0
285,Dan Norman\normada01,23,NYM,2,19,17,19,18,0,0,0,0,0,0,1,0,18,18,1,1
286,Fred Norman\normafr01,35,CIN,14,36,31,36,36,36,0,0,0,0,0,0,0,0,0,0,0
287,Bill North\northbi01,30,LAD,8,110,82,110,103,0,0,0,0,0,0,1,102,0,103,7,6
288,Dan O'Brien\o'brida03,24,STL,1st,7,2,7,7,7,0,0,0,0,0,0,0,0,0,0,0
289,Johnny Oates\oatesjo01,32,LAD,8,40,18,40,24,0,24,0,0,0,0,0,0,0,0,16,1
290,Ken Oberkfell\oberkke01,22,STL,2,24,14,24,19,0,0,0,17,4,0,0,0,0,0,4,4
291,Jim Obradovich\obradji01,28,HOU,1st,10,3,10,3,0,0,3,0,0,0,0,0,0,0,7,0
292,Ron Oester\oestero01,22,CIN,1st,6,1,6,6,0,0,0,0,0,6,0,0,0,0,0,1
293,Rowland Office\officro01,25,ATL,6,146,96,146,136,0,0,0,0,0,0,0,136,0,136,20,15
294,Steve Ontiveros\ontivst01,26,CHC,6,82,76,82,78,0,0,1,0,77,0,0,0,0,0,5,0
295,Ed Ott\otted01,26,PIT,5,112,96,112,100,0,97,0,0,0,0,4,0,0,4,16,0
296,Bob Owchinko\owchibo01,23,SDP,3,36,33,36,36,36,0,0,0,0,0,0,0,0,0,0,0
297,Tom Paciorek\pacioto01,31,ATL,9,5,2,5,2,0,0,2,0,0,0,0,0,0,0,3,0
298,Karl Pagel\pagelka01,23,CHC,1st,2,0,2,0,0,0,0,0,0,0,0,0,0,0,2,0
299,David Palmer\palmeda01,20,MON,1st,5,1,5,5,5,0,0,0,0,0,0,0,0,0,0,0
300,Stan Papi\papist01,27,MON,3,67,29,67,42,0,0,0,5,15,22,0,0,0,0,28,1
301,Dave Parker\parkeda01,27,PIT,6,148,147,148,147,0,0,0,0,0,0,0,0,147,147,1,0
302,Larry Parrish\parrila01,24,MON,5,144,139,144,139,0,0,0,0,139,0,0,0,0,0,5,0
303,Gene Pentz\pentzge01,25,HOU,4,10,0,10,10,10,0,0,0,0,0,0,0,0,0,0,0
304,Tony Perez\perezto01,36,MON,15,148,144,148,145,0,0,145,0,0,0,0,0,0,0,4,0
305,Broderick Perkins\perkibr01,23,SDP,1st,62,52,62,59,0,0,59,0,0,0,0,0,0,0,6,1
306,Gaylord Perry\perryga01,39,SDP,17,37,37,37,37,37,0,0,0,0,0,0,0,0,0,0,0
307,Mike Phillips\phillmi01,27,STL,6,76,41,76,66,0,0,0,55,1,10,0,0,0,0,22,2
308,Horacio Pina\pinaho01,33,PHI,8,2,0,2,2,2,0,0,0,0,0,0,0,0,0,0,0
309,Gerry Pirtle\pirtlge01,30,MON,1st,19,0,19,19,19,0,0,0,0,0,0,0,0,0,0,0
310,Ed Plank\planked02,26,SFG,1st,5,0,5,5,5,0,0,0,0,0,0,0,0,0,0,0
311,Biff Pocoroba\pocorbi01,24,ATL,4,92,77,92,79,0,79,0,0,0,0,0,0,0,0,15,0
312,Terry Puhl\puhlte01,21,HOU,2,149,145,149,148,0,0,0,0,0,0,43,106,4,148,2,1
313,Luis Pujols\pujollu01,22,HOU,2,56,47,56,55,0,55,1,0,0,0,0,0,0,0,0,1
314,Ed Putman\putmaed01,24,CHC,2,17,5,17,13,0,2,3,0,8,0,0,0,0,0,6,0
315,Dave Rader\raderda01,29,CHC,8,116,83,116,114,0,114,0,0,0,0,0,0,0,0,15,0
316,Bobby Ramos\ramosbo01,22,MON,1st,2,1,2,1,0,1,0,0,0,0,0,0,0,0,1,0
317,Mike Ramsey\ramsemi01,24,STL,1st,12,2,12,4,0,0,0,0,0,4,0,0,0,0,1,8
318,Lenny Randle\randlle01,29,NYM,8,132,108,132,125,0,0,0,5,124,0,0,0,0,0,18,1
319,Eric Rasmussen\rasmuer01,26,2TM,4,37,34,37,37,37,0,0,0,0,0,0,0,0,0,0,0
320,Doug Rau\raudo01,29,LAD,7,30,30,30,30,30,0,0,0,0,0,0,0,0,0,0,0
321,Lance Rautzhan\rautzla01,25,LAD,2,43,0,43,43,43,0,0,0,0,0,0,0,0,0,0,0
322,Bob Reece\reecebo01,27,MON,1st,9,3,9,9,0,9,0,0,0,0,0,0,0,0,0,0
323,Ron Reed\reedro01,35,PHI,13,66,0,66,66,66,0,0,0,0,0,0,0,0,0,0,0
324,Ken Reitz\reitzke01,27,STL,7,150,144,150,150,0,0,0,0,150,0,0,0,0,0,5,0
325,Paul Reuschel\reuscpa01,31,CHC,4,16,0,16,16,16,0,0,0,0,0,0,0,0,0,0,0
326,Rick Reuschel\reuscri01,29,CHC,7,35,35,35,35,35,0,0,0,0,0,0,0,0,0,0,0
327,Jerry Reuss\reussje01,29,PIT,10,23,12,23,23,23,0,0,0,0,0,0,0,0,0,0,0
328,Don Reynolds\reynodo01,25,SDP,1st,57,15,57,25,0,0,0,0,0,0,22,0,3,25,38,2
329,Rick Rhoden\rhoderi01,25,LAD,5,30,23,30,30,30,0,0,0,0,0,0,0,0,0,0,0
330,Frank Riccelli\riccefr01,25,HOU,2,2,0,2,2,2,0,0,0,0,0,0,0,0,0,0,0
331,J.R. Richard\richaj.01,28,HOU,8,37,36,37,36,36,0,0,0,0,0,0,0,0,0,1,0
332,Gene Richards\richage01,24,SDP,2,154,136,154,144,0,0,26,0,0,0,115,26,0,125,11,5
333,Dave Roberts\roberda05,33,CHC,10,37,20,37,35,35,0,0,0,0,0,0,0,0,0,2,0
334,Dave Roberts\roberda06,27,SDP,6,54,31,54,50,0,41,8,0,0,0,1,1,0,2,4,4
335,Bill Robinson\robinbi02,35,PIT,11,136,130,136,133,0,0,3,0,29,0,112,19,11,127,2,1
336,Don Robinson\robindo01,21,PIT,1st,35,32,35,35,35,0,0,0,0,0,0,0,0,0,0,0
337,Pat Rockett\rockepa01,23,ATL,3,55,45,55,51,0,0,0,0,0,51,0,0,0,0,1,5
338,Steve Rogers\rogerst01,28,MON,6,30,29,30,30,30,0,0,0,0,0,0,0,0,0,0,0
339,Jim Rooker\rookeji01,35,PIT,11,32,28,32,28,28,0,0,0,0,0,0,0,0,0,0,4
340,Pete Rose\rosepe01,37,CIN,16,159,159,159,159,0,0,2,0,156,0,7,0,0,7,0,0
341,Jerry Royster\roystje01,25,ATL,6,140,133,140,136,0,0,0,75,1,60,0,0,0,0,5,1
342,Vern Ruhle\ruhleve01,27,HOU,5,13,10,13,13,13,0,0,0,0,0,0,0,0,0,0,0
343,Chico Ruiz\ruizch02,26,ATL,1st,18,11,18,15,0,0,0,14,1,0,0,0,0,0,1,3
344,Bill Russell\russebi01,29,LAD,10,155,151,155,155,0,0,0,0,0,155,0,0,0,0,1,1
345,Dick Ruthven\ruthvdi01,27,2TM,6,34,33,34,33,33,0,0,0,0,0,0,0,0,0,0,1
346,Mike Sadek\sadekmi01,32,SFG,5,40,32,40,37,0,37,0,0,0,0,0,0,0,0,0,6
347,Joe Sambito\sambijo01,26,HOU,3,62,0,62,62,62,0,0,0,0,0,0,0,0,0,0,0
348,Scott Sanderson\sandesc01,21,MON,1st,10,9,10,10,10,0,0,0,0,0,0,0,0,0,0,0
349,Manny Sanguillen\sanguma01,34,PIT,11,85,52,85,57,0,18,40,0,0,0,0,0,0,0,29,1
350,Manny Sarmiento\sarmima01,22,CIN,3,64,4,64,63,63,0,0,0,0,0,0,0,0,0,0,1
351,Kevin Saucier\saucike01,21,PHI,1st,1,0,1,1,1,0,0,0,0,0,0,0,0,0,0,0
352,Dan Schatzeder\schatda01,23,MON,2,32,18,32,29,29,0,0,0,0,0,0,0,0,0,1,2
353,Mike Schmidt\schmimi01,28,PHI,7,145,140,145,139,0,0,0,0,139,1,0,0,0,0,5,0
354,Buddy Schultz\schulbu01,27,STL,4,62,0,62,62,62,0,0,0,0,0,0,0,0,0,0,0
355,Rodney Scott\scottro01,24,CHC,4,78,64,78,75,0,0,0,6,59,6,0,10,0,10,4,7
356,Tony Scott\scottto01,26,STL,5,96,43,96,77,0,0,0,0,0,0,38,31,10,77,31,7
357,Tom Seaver\seaveto01,33,CIN,12,36,36,36,36,36,0,0,0,0,0,0,0,0,0,0,0
358,Mike Sember\sembemi01,25,CHC,2,9,0,9,7,0,0,0,0,7,1,0,0,0,0,1,3
359,Manny Seoane\seoanma01,23,CHC,2,7,1,7,7,7,0,0,0,0,0,0,0,0,0,0,0
360,Jimmy Sexton\sextoji01,26,HOU,2,88,39,88,66,0,0,0,3,8,58,0,0,0,0,6,27
361,Bob Shirley\shirlbo01,24,SDP,2,50,20,50,50,50,0,0,0,0,0,0,0,0,0,0,0
362,Paul Siebert\siebepa01,25,NYM,5,27,0,27,27,27,0,0,0,0,0,0,0,0,0,0,0
363,Ted Simmons\simmote01,28,STL,11,152,142,152,149,0,134,0,0,0,0,23,0,0,23,10,0
364,Joe Simpson\simpsjo01,26,LAD,4,10,0,10,10,0,0,0,0,0,0,3,2,6,10,0,0
365,Ted Sizemore\sizemte01,33,PHI,10,108,106,108,107,0,0,0,107,0,0,0,0,0,0,1,0
366,Craig Skok\skokcr01,30,ATL,3,43,0,43,43,43,0,0,0,0,0,0,0,0,0,0,0
367,Hank Small\smallha01,24,ATL,1st,1,1,1,1,0,0,1,0,0,0,0,0,0,0,0,0
368,Lonnie Smith\smithlo01,22,PHI,1st,17,1,17,11,0,0,0,0,0,0,9,1,1,11,2,10
369,Ozzie Smith\smithoz01,23,SDP,1st,159,154,159,159,0,0,0,0,0,159,0,0,0,0,0,2
370,Reggie Smith\smithre06,33,LAD,13,128,123,128,126,0,0,0,0,0,0,0,2,126,126,2,0
371,Eddie Solomon\solomed01,27,ATL,6,38,8,38,37,37,0,0,0,0,0,0,0,0,0,0,1
372,Mario Soto\sotoma01,21,CIN,2,5,1,5,5,5,0,0,0,0,0,0,0,0,0,0,0
373,Chris Speier\speiech01,28,MON,8,150,148,150,148,0,0,0,0,0,148,0,0,0,0,2,0
374,Dan Spillner\spillda01,26,SDP,5,17,0,17,17,17,0,0,0,0,0,0,0,0,0,0,0
375,Harry Spilman\spilmha01,23,CIN,1st,4,0,4,0,0,0,0,0,0,0,0,0,0,0,4,0
376,Willie Stargell\stargwi01,38,PIT,17,122,104,122,112,0,0,112,0,0,0,0,0,0,0,15,0
377,John Stearns\stearjo01,26,NYM,5,143,134,143,141,0,141,0,0,1,0,0,0,0,0,6,0
378,Rennie Stennett\stennre01,27,PIT,8,106,85,106,86,0,0,0,80,6,0,0,0,0,0,21,0
379,Dave Stewart\stewada01,21,LAD,1st,1,0,1,1,1,0,0,0,0,0,0,0,0,0,0,0
380,Champ Summers\summech01,32,CIN,5,13,11,13,12,0,0,0,0,0,0,0,0,12,12,1,0
381,Rick Sutcliffe\sutclri01,22,LAD,2,2,0,2,2,2,0,0,0,0,0,0,0,0,0,0,0
382,Gary Sutherland\suthega01,33,STL,13,10,0,10,1,0,0,0,1,0,0,0,0,0,0,9,0
383,Bruce Sutter\suttebr01,25,CHC,3,64,0,64,64,64,0,0,0,0,0,0,0,0,0,0,0
384,Don Sutton\suttodo01,33,LAD,13,34,34,34,34,34,0,0,0,0,0,0,0,0,0,0,0
385,Craig Swan\swancr01,27,NYM,6,29,28,29,29,29,0,0,0,0,0,0,0,0,0,0,0
386,Rick Sweet\sweetri01,25,SDP,1st,88,63,88,76,0,76,0,0,0,0,0,0,0,0,15,0
387,Steve Swisher\swishst01,26,STL,5,45,34,45,42,0,42,0,0,0,0,0,0,0,0,3,0
388,John Tamargo\tamarjo01,26,2TM,3,42,26,42,32,0,32,0,0,0,0,0,0,0,0,14,0
389,Frank Taveras\taverfr01,28,PIT,7,157,157,157,157,0,0,0,0,0,157,0,0,0,0,0,0
390,Kent Tekulve\tekulke01,31,PIT,5,91,0,91,91,91,0,0,0,0,0,0,0,0,0,0,0
391,Garry Templeton\templga01,22,STL,3,155,153,155,155,0,0,0,0,0,155,0,0,0,0,2,0
392,Gene Tenace\tenacge01,31,SDP,10,142,123,142,136,0,71,81,0,1,0,0,0,0,0,12,0
393,Duane Theiss\theisdu01,24,ATL,2,3,0,3,3,3,0,0,0,0,0,0,0,0,0,0,0
394,Derrel Thomas\thomade01,27,SDP,8,128,92,128,121,0,0,14,39,26,0,10,69,1,78,7,8
395,Roy Thomas\thomaro02,25,STL,2,16,1,16,16,16,0,0,0,0,0,0,0,0,0,0,0
396,Scot Thompson\thompsc01,22,CHC,1st,19,5,19,7,0,0,2,0,0,0,0,5,1,5,13,0
397,Dave Tomlin\tomlida01,29,CIN,7,57,0,57,57,57,0,0,0,0,0,0,0,0,0,0,0
398,Alex Trevino\trevial01,20,NYM,1st,6,3,6,5,0,5,0,0,1,0,0,0,0,0,1,0
399,Manny Trillo\trillma01,27,CHC,6,152,147,152,149,0,0,0,149,0,0,0,0,0,0,4,0
400,Jerry Turner\turneje01,24,SDP,5,106,46,106,58,0,0,0,0,0,0,28,17,23,58,52,0
401,Wayne Twitchell\twitcwa01,30,MON,9,33,15,33,33,33,0,0,0,0,0,0,0,0,0,0,0
402,Mike Tyson\tysonmi01,28,STL,7,125,115,125,124,0,0,0,124,0,0,0,0,0,0,4,2
403,Del Unser\unserde01,33,MON,11,130,33,130,90,0,0,64,0,0,0,7,12,16,33,47,4
404,John Urrea\urreajo01,23,STL,2,27,12,27,27,27,0,0,0,0,0,0,0,0,0,0,0
405,Mike Vail\vailmi01,26,CHC,4,74,34,74,46,0,0,0,0,1,0,7,0,39,46,34,1
406,Bobby Valentine\valenbo02,28,NYM,9,69,40,69,54,0,0,0,45,9,0,0,0,0,0,18,2
407,Ellis Valentine\valenel01,23,MON,4,151,147,151,146,0,0,0,0,0,0,0,0,146,146,4,0
408,Pete Vuckovich\vuckope01,25,STL,4,45,23,45,45,45,0,0,0,0,0,0,0,0,0,0,0
409,Denny Walling\wallide01,24,HOU,4,120,55,120,78,0,0,0,0,0,0,67,5,7,78,45,5
410,Joe Wallis\wallijo01,26,CHC,4,28,11,28,25,0,0,0,0,0,0,0,25,0,25,3,1
411,Dan Warthen\warthda01,25,HOU,4,5,1,5,5,5,0,0,0,0,0,0,0,0,0,0,0
412,Bob Watson\watsobo01,32,HOU,13,139,127,139,128,0,0,128,0,0,0,0,0,0,0,12,0
413,Dave Wehrmeister\wehrmda01,25,SDP,3,4,0,4,4,4,0,0,0,0,0,0,0,0,0,0,0
414,Bob Welch\welchbo01,21,LAD,1st,23,13,23,23,23,0,0,0,0,0,0,0,0,0,0,0
415,Don Werner\wernedo01,25,CIN,4,50,37,50,49,0,49,0,0,0,0,0,0,0,0,1,0
416,Larry Whisenton\whisela01,21,ATL,2,6,3,6,4,0,0,0,0,0,0,0,0,4,4,1,1
417,Jerry White\whiteje01,25,2TM,5,77,34,77,57,0,0,0,0,0,0,1,54,2,57,14,17
418,Myron White\whitemy01,20,LAD,1st,7,0,7,4,0,0,0,0,0,0,1,0,3,4,0,5
419,Terry Whitfield\whitfte01,25,SFG,5,149,121,149,140,0,0,0,0,0,0,137,5,0,140,14,3
420,Ed Whitson\whitsed01,23,PIT,2,43,0,43,43,43,0,0,0,0,0,0,0,0,0,0,0
421,Mark Wiley\wileyma01,30,SDP,2,4,1,4,4,4,0,0,0,0,0,0,0,0,0,0,0
422,Jim Wilhelm\wilheji01,25,SDP,1st,10,5,10,10,0,0,0,0,0,0,3,7,0,10,0,1
423,Charlie Williams\willich01,30,SFG,8,25,1,25,25,25,0,0,0,0,0,0,0,0,0,0,2
424,Rick Williams\williri03,25,HOU,1st,17,1,17,17,17,0,0,0,0,0,0,0,0,0,0,0
425,Dave Winfield\winfida01,26,SDP,6,158,152,158,155,0,0,2,0,0,0,1,82,113,154,5,1
426,Steve Yeager\yeagest01,29,LAD,7,94,72,94,91,0,91,0,0,0,0,0,0,0,0,4,0
427,Joel Youngblood\youngjo02,26,NYM,3,113,61,113,91,0,0,0,40,9,1,7,14,34,51,25,10
428,Pat Zachry\zachrpa01,26,NYM,3,21,21,21,21,21,0,0,0,0,0,0,0,0,0,0,0
429,Oscar Zamora\zamoros01,33,HOU,4,10,0,10,10,10,0,0,0,0,0,0,0,0,0,0,0