Rk,Name,Age,Tm,Yrs,G,GS,Batting,Defense,P,C,1B,2B,3B,SS,LF,CF,RF,OF,PH,PR
1,Luis Aguayo\aguaylu01,22,PHI,2,45,20,45,41,0,0,0,21,3,21,0,0,0,0,3,4
2,Doyle Alexander\alexado01,30,SFG,11,24,24,24,24,24,0,0,0,0,0,0,0,0,0,0,0
3,Gary Alexander\alexaga01,28,PIT,7,21,13,21,16,0,0,9,0,0,0,7,0,2,8,6,1
4,Matt Alexander\alexama01,34,PIT,9,15,0,15,6,0,0,0,0,0,0,3,3,0,6,4,9
5,Neil Allen\allenne01,23,NYM,3,43,0,43,43,43,0,0,0,0,0,0,0,0,0,0,0
6,Jose Alvarez\alvarjo01,25,ATL,1st,1,0,1,1,1,0,0,0,0,0,0,0,0,0,0,0
7,Joaquin Andujar\andujjo01,28,2TM,6,21,11,21,20,20,0,0,0,0,0,0,0,0,0,0,1
8,Mike Armstrong\armstmi01,27,SDP,2,10,0,10,10,10,0,0,0,0,0,0,0,0,0,0,0
9,Alan Ashby\ashbyal01,29,HOU,9,83,74,83,81,0,81,0,0,0,0,0,0,0,0,7,0
10,Brian Asselstine\asselbr01,27,ATL,6,56,13,56,16,0,0,0,0,0,0,4,0,12,16,43,0
11,Ramon Aviles\avilera01,29,PHI,4,38,1,38,32,0,0,0,20,13,5,0,0,0,0,6,3
12,Wally Backman\backmwa01,21,NYM,2,26,5,26,12,0,0,0,11,1,0,0,0,0,0,13,3
13,Stan Bahnsen\bahnsst01,36,MON,15,25,3,25,25,25,0,0,0,0,0,0,0,0,0,0,0
14,Bob Bailor\bailobo01,29,NYM,7,51,16,51,47,0,0,0,13,1,22,11,0,3,14,4,10
15,Doug Bair\bairdo01,31,2TM,6,35,0,35,35,35,0,0,0,0,0,0,0,0,0,0,0
16,Dusty Baker\bakerdu01,32,LAD,14,103,101,103,101,0,0,0,0,0,0,101,0,0,101,2,0
17,German Barranca\barrage01,24,CIN,3,9,0,9,0,0,0,0,0,0,0,0,0,0,0,6,3
18,Randy Bass\bassra01,27,SDP,5,69,45,69,50,0,0,50,0,0,0,0,0,0,0,22,0
19,Steve Bedrosian\bedrost01,23,ATL,1st,15,1,15,15,15,0,0,0,0,0,0,0,0,0,0,0
20,Johnny Bench\benchjo01,33,CIN,15,52,44,52,45,0,7,38,0,0,0,0,0,0,0,8,0
21,Bruce Benedict\benedbr01,25,ATL,4,90,86,90,90,0,90,0,0,0,0,0,0,0,0,0,0
22,Bruce Berenyi\berenbr01,26,CIN,2,21,20,21,21,21,0,0,0,0,0,0,0,0,0,0,0
23,Dave Bergman\bergmda01,28,2TM,6,69,34,69,48,0,0,34,0,0,0,15,0,0,15,26,0
24,Dale Berra\berrada01,24,PIT,5,81,61,81,78,0,0,0,18,42,30,0,0,0,0,5,3
25,Kurt Bevacqua\bevacku01,34,PIT,11,29,1,29,6,0,0,0,4,2,0,0,0,0,0,25,0
26,Jim Bibby\bibbyji01,36,PIT,10,14,14,14,14,14,0,0,0,0,0,0,0,0,0,0,0
27,Larry Biittner\biittla01,34,CIN,12,42,7,42,11,0,0,8,0,0,0,0,0,3,3,34,0
28,Doug Bird\birddo01,31,CHC,9,12,12,12,12,12,0,0,0,0,0,0,0,0,0,0,0
29,Tim Blackwell\blackti01,28,CHC,8,58,47,58,56,0,56,0,0,0,0,0,0,0,0,2,0
30,Vida Blue\bluevi01,31,SFG,13,18,18,18,18,18,0,0,0,0,0,0,0,0,0,0,0
31,Tommy Boggs\boggsto01,25,ATL,6,25,24,25,25,25,0,0,0,0,0,0,0,0,0,1,0
32,Dan Boitano\boitada01,28,NYM,4,16,0,16,15,16,0,0,0,0,0,0,0,0,0,0,0
33,Bobby Bonds\bondsbo01,35,CHC,14,45,45,45,45,0,0,0,0,0,0,0,42,3,45,0,0
34,Juan Bonilla\bonilju01,25,SDP,1st,99,97,99,97,0,0,0,97,0,0,0,0,0,0,1,1
35,Bob Boone\boonebo01,33,PHI,10,76,64,76,75,0,75,0,0,0,0,0,0,0,0,4,0
36,Danny Boone\booneda02,27,SDP,1st,37,0,37,37,37,0,0,0,0,0,0,0,0,0,0,0
37,Larry Bowa\bowala01,35,PHI,12,103,100,103,102,0,0,0,0,0,102,0,0,0,0,1,0
38,Doe Boyland\boylado01,26,PIT,3,11,0,11,0,0,0,0,0,0,0,0,0,0,0,9,2
39,Larry Bradford\bradfla01,31,ATL,4,25,0,25,25,25,0,0,0,0,0,0,0,0,0,0,0
40,Mark Bradley\bradlma01,24,LAD,1st,9,0,9,6,0,0,0,0,0,0,1,0,5,6,2,3
41,Steve Braun\braunst01,33,STL,11,44,6,44,13,0,0,0,0,1,0,6,0,6,12,34,1
42,Fred Breining\breinfr01,25,SFG,2,45,1,45,45,45,0,0,0,0,0,0,0,0,0,0,0
43,Bob Brenly\brenlbo01,27,SFG,1st,19,13,19,18,0,14,0,0,3,0,1,0,0,1,2,3
44,Dan Briggs\briggda01,28,MON,6,9,1,9,6,0,0,3,0,0,0,1,2,1,3,3,1
45,Hubie Brooks\brookhu01,24,NYM,2,98,92,98,96,0,0,0,0,93,1,1,0,2,3,5,0
46,Scott Brown\brownsc01,24,CIN,1st,10,0,10,10,10,0,0,0,0,0,0,0,0,0,0,0
47,Glenn Brummer\brummgl01,26,STL,1st,21,7,21,19,0,19,0,0,0,0,0,0,0,0,2,0
48,Warren Brusstar\brusswa01,29,PHI,5,14,0,14,14,14,0,0,0,0,0,0,0,0,0,0,0
49,Bill Buckner\bucknbi01,31,CHC,13,106,105,106,105,0,0,105,0,0,0,0,0,0,0,1,0
50,Ray Burris\burrira01,30,MON,9,22,21,22,22,22,0,0,0,0,0,0,0,0,0,0,0
51,Brett Butler\butlebr01,24,ATL,1st,40,33,40,37,0,0,0,0,0,0,26,11,5,37,2,2
52,Marty Bystrom\bystrma01,22,PHI,2,9,9,9,9,9,0,0,0,0,0,0,0,0,0,0,0
53,Enos Cabell\cabelen01,31,SFG,10,96,89,96,91,0,0,69,0,22,0,0,0,0,0,6,0
54,Ernie Camacho\camacer01,26,PIT,2,7,3,7,7,7,0,0,0,0,0,0,0,0,0,0,0
55,Rick Camp\campri01,28,ATL,5,48,0,48,48,48,0,0,0,0,0,0,0,0,0,0,0
56,John Candelaria\candejo01,27,PIT,7,6,6,6,6,6,0,0,0,0,0,0,0,0,0,0,0
57,Doug Capilla\capildo01,29,CHC,6,42,0,42,42,42,0,0,0,0,0,0,0,0,0,0,0
58,Steve Carlton\carltst01,36,PHI,17,24,24,24,24,24,0,0,0,0,0,0,0,0,0,0,0
59,Gary Carter\cartega01,27,MON,8,100,100,100,100,0,100,1,0,0,0,0,0,0,0,0,0
60,Bobby Castillo\castibo01,26,LAD,5,34,1,34,34,34,0,0,0,0,0,0,0,0,0,0,0
61,Bill Caudill\caudibi01,24,CHC,3,30,10,30,30,30,0,0,0,0,0,0,0,0,0,0,0
62,Cesar Cedeno\cedence01,30,HOU,12,82,80,82,79,0,0,45,0,0,0,0,34,0,34,2,0
63,Ron Cey\ceyro01,33,LAD,11,85,84,85,84,0,0,0,0,84,0,0,0,0,0,1,0
64,Chris Chambliss\chambch01,32,ATL,11,107,107,107,107,0,0,107,0,0,0,0,0,0,0,0,0
65,Larry Christenson\chrisla01,27,PHI,9,20,15,20,20,20,0,0,0,0,0,0,0,0,0,0,0
66,Jack Clark\clarkja01,25,SFG,7,99,97,99,98,0,0,0,0,0,0,0,0,98,98,2,0
67,Dave Collins\collida02,28,CIN,7,95,94,95,93,0,0,0,0,0,0,1,2,92,93,1,0
68,Geoff Combe\combege01,25,CIN,2,14,0,14,14,14,0,0,0,0,0,0,0,0,0,0,0
69,Dave Concepcion\conceda01,33,CIN,12,106,106,106,106,0,0,0,0,0,106,0,0,0,0,0,0
70,Warren Cromartie\cromawa01,27,MON,7,99,96,99,99,0,0,62,0,0,0,0,0,38,38,1,0
71,Hector Cruz\cruzhe01,28,CHC,8,53,26,53,31,0,0,0,0,18,0,8,0,10,16,22,0
72,Jose Cruz\cruzjo01,33,HOU,12,107,105,107,104,0,0,0,0,0,0,104,0,0,104,2,0
73,Victor Cruz\cruzvi01,23,PIT,4,22,0,22,22,22,0,0,0,0,0,0,0,0,0,0,0
74,Mike Cubbage\cubbami01,30,NYM,8,67,11,67,12,0,0,0,0,12,0,0,0,0,0,55,0
75,John Curtis\curtijo01,33,SDP,12,28,8,28,28,28,0,0,0,0,0,0,0,0,0,0,0
76,Chili Davis\davisch01,21,SFG,1st,8,2,8,6,0,0,0,0,0,0,1,2,3,6,3,0
77,Dick Davis\davisdi02,27,PHI,5,45,19,45,32,0,0,0,0,0,0,1,0,31,32,20,0
78,Jody Davis\davisjo02,24,CHC,1st,56,53,56,56,0,56,0,0,0,0,0,0,0,0,0,0
79,Mark Davis\davisma01,20,PHI,2,9,9,9,9,9,0,0,0,0,0,0,0,0,0,0,0
80,Andre Dawson\dawsoan01,26,MON,6,103,103,103,103,0,0,0,0,0,0,0,103,0,103,0,0
81,Ivan de Jesus\dejesiv01,28,CHC,8,106,106,106,106,0,0,0,0,0,106,0,0,0,0,0,0
82,Luis DeLeon\deleolu01,22,STL,1st,10,0,10,10,10,0,0,0,0,0,0,0,0,0,0,0
83,Bob Dernier\dernibo01,24,PHI,2,10,0,10,5,0,0,0,0,0,0,0,5,0,5,0,5
84,Steve Dillard\dillast01,30,CHC,7,53,24,53,41,0,0,0,32,7,2,0,0,0,0,14,8
85,Dan Driessen\driesda01,29,CIN,9,82,66,82,74,0,0,74,0,0,0,0,0,0,0,5,4
86,Leon Durham\durhale01,23,CHC,2,87,84,87,84,0,0,3,0,0,0,0,0,83,83,3,0
87,Mike Easler\easlemi01,30,PIT,8,95,82,95,90,0,0,0,0,0,0,73,0,24,90,8,1
88,Rawly Eastwick\eastwra01,30,CHC,8,30,0,30,30,30,0,0,0,0,0,0,0,0,0,0,0
89,Joe Edelen\edelejo01,25,2TM,1st,18,0,18,18,18,0,0,0,0,0,0,0,0,0,0,0
90,Dave Edwards\edwarda01,27,SDP,4,58,25,58,49,0,0,0,0,0,0,11,2,40,49,20,3
91,Juan Eichelberger\eicheju01,27,SDP,4,25,24,25,25,25,0,0,0,0,0,0,0,0,0,0,0
92,Rick Engle\engleri01,24,MON,1st,1,0,1,1,1,0,0,0,0,0,0,0,0,0,0,0
93,Nino Espinosa\espinni01,27,PHI,8,14,14,14,14,14,0,0,0,0,0,0,0,0,0,0,0
94,Barry Evans\evansba01,25,SDP,4,54,20,54,42,0,0,10,6,24,2,0,0,0,0,21,0
95,Darrell Evans\evansda01,34,SFG,13,102,96,102,99,0,0,12,0,87,0,0,0,0,0,5,0
96,Pete Falcone\falcope01,27,NYM,7,35,9,35,35,35,0,0,0,0,0,0,0,0,0,0,0
97,Joe Ferguson\fergujo01,34,LAD,12,17,0,17,1,0,0,0,0,0,0,0,0,1,1,16,0
98,Neil Fiala\fialane01,24,2TM,1st,5,0,5,0,0,0,0,0,0,0,0,0,0,0,5,0
99,Steve Fireovid\fireost01,24,SDP,1st,5,4,5,5,5,0,0,0,0,0,0,0,0,0,0,0
100,Tim Flannery\flannti01,23,SDP,3,37,14,37,21,0,0,0,7,15,0,0,0,0,0,17,0
101,Scott Fletcher\fletcsc01,22,CHC,1st,19,11,19,17,0,0,0,13,1,4,0,0,0,0,0,4
102,Doug Flynn\flynndo01,30,NYM,7,105,103,105,105,0,0,0,100,0,5,0,0,0,0,0,1
103,Tim Foli\foliti01,30,PIT,12,86,78,86,81,0,0,0,0,0,81,0,0,0,0,5,1
104,Barry Foote\footeba01,29,CHC,9,9,6,9,8,0,8,0,0,0,0,0,0,0,0,1,0
105,Bob Forsch\forscbo01,31,STL,8,20,20,20,20,20,0,0,0,0,0,0,0,0,0,0,0
106,Terry Forster\forstte01,29,LAD,11,21,0,21,21,21,0,0,0,0,0,0,0,0,0,0,0
107,George Foster\fostege01,32,CIN,13,108,108,108,108,0,0,0,0,0,0,108,0,0,108,0,0
108,Terry Francona\francte01,22,MON,1st,34,21,34,27,0,0,1,0,0,0,24,0,2,26,10,0
109,Pepe Frias\friaspe01,32,LAD,9,25,8,25,22,0,0,0,6,1,15,0,0,0,0,1,5
110,Woodie Fryman\frymawo01,41,MON,16,35,0,35,35,35,0,0,0,0,0,0,0,0,0,0,0
111,Gene Garber\garbege01,33,ATL,12,35,0,35,35,35,0,0,0,0,0,0,0,0,0,0,0
112,Kiko Garcia\garciki01,27,HOU,6,48,34,48,46,0,0,0,9,14,28,0,0,0,0,4,1
113,Ron Gardenhire\gardero01,23,NYM,1st,27,14,27,23,0,0,0,6,1,18,0,0,0,0,0,9
114,Phil Garner\garneph01,32,2TM,9,87,80,87,81,0,0,0,81,0,0,0,0,0,0,4,3
115,Steve Garvey\garvest01,32,LAD,13,110,110,110,110,0,0,110,0,0,0,0,0,0,0,0,0
116,Mike Gates\gatesmi01,24,MON,1st,1,0,1,1,0,0,0,1,0,0,0,0,0,0,1,0
117,Dave Geisel\geiseda01,26,CHC,3,11,2,11,11,11,0,0,0,0,0,0,0,0,0,0,0
118,Brian Giles\gilesbr01,21,NYM,1st,9,1,9,4,0,0,0,2,0,2,0,0,0,0,3,3
119,Dave Goltz\goltzda01,32,LAD,10,26,8,26,26,26,0,0,0,0,0,0,0,0,0,0,0
120,Luis Gomez\gomezlu01,29,ATL,8,35,8,35,34,1,0,0,4,8,21,0,0,0,0,2,0
121,Julio Gonzalez\gonzaju02,28,STL,5,20,0,20,11,0,0,0,4,2,5,0,0,0,0,10,0
122,Tom Gorman\gormato03,23,MON,1st,9,0,9,9,9,0,0,0,0,0,0,0,0,0,0,0
123,David Green\greenda03,20,STL,1st,21,9,21,18,0,0,0,0,0,0,0,18,0,18,2,4
124,Ken Griffey\griffke01,31,CIN,9,101,99,101,99,0,0,0,0,0,0,0,98,2,99,2,0
125,Mike Griffin\griffmi02,24,CHC,3,16,9,16,16,16,0,0,0,0,0,0,0,0,0,0,0
126,Tom Griffin\griffto02,33,SFG,13,22,22,22,22,22,0,0,0,0,0,0,0,0,0,0,0
127,Greg Gross\grossgr01,28,PHI,9,83,11,83,55,0,0,0,0,0,0,14,4,38,55,44,2
128,Jerry Grote\groteje01,38,LAD,16,2,0,2,1,0,1,0,0,0,0,0,0,0,0,2,0
129,Pedro Guerrero\guerrpe01,25,LAD,4,98,93,98,96,0,0,1,0,21,0,0,8,70,75,4,0
130,Bill Gullickson\gullibi01,22,MON,3,22,22,22,22,22,0,0,0,0,0,0,0,0,0,0,0
131,Doug Gwosdz\gwosddo01,21,SDP,1st,16,6,16,13,0,13,0,0,0,0,0,0,0,0,4,0
132,Albert Hall\hallal02,23,ATL,1st,6,0,6,2,0,0,0,0,0,0,1,0,1,2,2,4
133,Mel Hall\hallme01,20,CHC,1st,10,0,10,3,0,0,0,0,0,0,1,2,0,3,8,0
134,Preston Hanna\hannapr01,26,ATL,7,20,1,20,20,20,0,0,0,0,0,0,0,0,0,0,0
135,Alan Hargesheimer\hargeal01,26,SFG,2,6,3,6,6,6,0,0,0,0,0,0,0,0,0,0,0
136,Terry Harper\harpete01,25,ATL,2,40,13,40,27,0,0,0,0,0,0,9,0,18,27,16,6
137,Greg Harris\harrigr01,25,NYM,1st,17,14,17,16,16,0,0,0,0,0,0,0,0,0,0,1
138,Tom Hausman\hausmto01,28,NYM,6,20,0,20,20,20,0,0,0,0,0,0,0,0,0,0,0
139,Bill Hayes\hayesbi01,23,CHC,2,1,0,1,1,0,1,0,0,0,0,0,0,0,0,0,0
140,Danny Heep\heepda01,23,HOU,3,33,23,33,23,0,0,22,0,0,0,0,0,1,1,10,0
141,Steve Henderson\hendest01,28,CHC,5,82,76,82,77,0,0,0,0,0,0,77,0,0,77,5,0
142,George Hendrick\hendrge01,31,STL,11,101,101,101,101,0,0,0,0,0,0,0,51,60,101,0,0
143,Keith Hernandez\hernake01,27,STL,8,103,99,103,99,0,0,98,0,0,0,3,0,0,3,4,0
144,Willie Hernandez\hernawi01,26,CHC,5,13,0,13,12,12,0,0,0,0,0,0,0,0,0,0,1
145,Larry Herndon\herndla01,27,SFG,7,96,90,96,93,0,0,0,0,0,0,83,7,11,93,5,0
146,Tom Herr\herrto01,25,STL,3,103,103,103,103,0,0,0,103,0,0,0,0,0,0,0,0
147,Ron Hodges\hodgero01,32,NYM,9,35,5,35,7,0,7,0,0,0,0,0,0,0,0,29,0
148,Al Holland\hollaal01,28,SFG,4,47,3,47,47,47,0,0,0,0,0,0,0,0,0,0,0
149,Burt Hooton\hootobu01,31,LAD,11,23,23,23,23,23,0,0,0,0,0,0,0,0,0,0,0
150,Bob Horner\hornebo01,23,ATL,4,79,79,79,79,0,0,0,0,79,0,0,0,0,0,0,0
151,Dave Hostetler\hosteda01,25,MON,1st,5,0,5,2,0,0,2,0,0,0,0,0,0,0,3,0
152,Paul Householder\housepa02,22,CIN,2,23,14,23,19,0,0,0,0,0,0,1,6,13,19,4,1
153,Mike Howard\howarmi01,23,NYM,1st,14,6,14,14,0,0,0,0,0,0,6,1,7,14,0,3
154,Art Howe\howear01,34,HOU,8,103,100,103,100,0,0,2,0,98,0,0,0,0,0,3,0
155,Steve Howe\howest01,23,LAD,2,41,0,41,41,41,0,0,0,0,0,0,0,0,0,0,0
156,Jay Howell\howelja01,25,CHC,2,10,2,10,10,10,0,0,0,0,0,0,0,0,0,0,0
157,Al Hrabosky\hraboal01,31,ATL,12,24,0,24,24,24,0,0,0,0,0,0,0,0,0,0,0
158,Glenn Hubbard\hubbagl01,23,ATL,4,99,97,99,98,0,0,0,98,0,0,0,0,0,0,1,0
159,Tom Hume\humeto01,28,CIN,5,51,0,51,51,51,0,0,0,0,0,0,0,0,0,0,0
160,Tom Hutton\huttoto01,35,MON,12,31,1,31,11,0,0,9,0,0,0,1,0,1,2,21,1
161,Dane Iorg\iorgda01,31,STL,5,75,56,75,63,0,0,8,0,2,0,46,0,14,57,16,0
162,Mike Ivie\iviemi01,28,2TM,9,26,11,26,15,0,0,15,0,0,0,0,0,0,0,13,1
163,Grant Jackson\jacksgr01,38,2TM,17,45,0,45,45,45,0,0,0,0,0,0,0,0,0,0,0
164,Brook Jacoby\jacobbr01,21,ATL,1st,11,0,11,3,0,0,0,0,3,0,0,0,0,0,8,1
165,Tony Johnson\johnsto03,25,MON,1st,2,0,2,1,0,0,0,0,0,0,1,0,0,1,0,1
166,Wallace Johnson\johnswa03,24,MON,1st,11,0,11,1,0,0,0,1,0,0,0,0,0,0,8,2
167,Jay Johnstone\johnsja01,35,LAD,16,61,9,61,18,0,0,2,0,0,0,8,0,8,16,43,0
168,Odell Jones\jonesod01,28,PIT,5,13,8,13,13,13,0,0,0,0,0,0,0,0,0,0,0
169,Randy Jones\jonesra01,31,NYM,9,13,12,13,13,13,0,0,0,0,0,0,0,0,0,0,0
170,Ruppert Jones\jonesru01,26,SDP,6,105,102,105,104,0,0,0,0,0,0,0,104,0,104,0,1
171,Mike Jorgensen\jorgemi01,32,NYM,13,86,22,86,53,0,0,39,0,0,0,6,0,15,19,37,0
172,Jim Kaat\kaatji01,42,STL,23,41,1,41,41,41,0,0,0,0,0,0,0,0,0,0,0
173,Junior Kennedy\kenneju01,30,CIN,5,27,11,27,21,0,0,0,16,5,0,0,0,0,0,7,0
174,Terry Kennedy\kennete02,25,SDP,4,101,98,101,100,0,100,0,0,0,0,0,0,0,0,3,0
175,Dave Kingman\kingmda01,32,NYM,11,100,98,100,99,0,0,56,0,0,0,48,0,0,48,2,0
176,Bob Knepper\kneppbo01,27,HOU,6,22,22,22,22,22,0,0,0,0,0,0,0,0,0,0,0
177,Alan Knicely\kniceal01,26,HOU,3,3,1,3,3,0,2,0,0,0,0,1,0,0,1,1,0
178,Ray Knight\knighra01,28,CIN,6,106,104,106,105,0,0,0,0,105,0,0,0,0,0,1,0
179,Ken Kravec\kraveke01,29,CHC,7,25,12,25,24,24,0,0,0,0,0,0,0,0,0,0,1
180,Gene Krug\krugge01,26,CHC,1st,7,0,7,0,0,0,0,0,0,0,0,0,0,0,7,0
181,Mike Krukow\krukomi01,29,CHC,6,25,25,25,25,25,0,0,0,0,0,0,0,0,0,0,0
182,Fred Kuhaulua\kuhaufr01,28,SDP,2,5,4,5,5,5,0,0,0,0,0,0,0,0,0,0,0
183,Frank LaCorte\lacorfr01,29,HOU,7,37,0,37,37,37,0,0,0,0,0,0,0,0,0,0,0
184,Mike LaCoss\lacosmi01,25,CIN,4,20,13,20,20,20,0,0,0,0,0,0,0,0,0,0,0
185,Lee Lacy\lacyle01,33,PIT,10,78,46,78,64,0,0,0,0,1,0,33,1,31,63,15,9
186,Rafael Landestoy\landera01,28,2TM,5,47,24,47,34,0,0,0,34,0,0,0,0,0,0,13,5
187,Ken Landreaux\landrke01,26,LAD,5,99,94,99,95,0,0,0,0,0,0,0,95,0,95,4,0
188,Tito Landrum\landrti01,26,STL,2,81,21,81,67,0,0,0,0,0,0,42,6,25,67,14,12
189,Dave LaPoint\lapoida01,21,STL,2,3,2,3,3,3,0,0,0,0,0,0,0,0,0,0,0
190,Dan Larson\larsoda01,26,PHI,6,5,4,5,5,5,0,0,0,0,0,0,0,0,0,0,0
191,Gary Lavelle\lavelga01,32,SFG,8,34,3,34,34,34,0,0,0,0,0,0,0,0,0,0,0
192,Vance Law\lawva01,24,PIT,2,30,17,30,28,0,0,0,19,2,7,0,0,0,0,1,3
193,Charlie Lea\leach01,24,MON,2,16,11,16,16,16,0,0,0,0,0,0,0,0,0,0,0
194,Terry Leach\leachte01,27,NYM,1st,21,1,21,21,21,0,0,0,0,0,0,0,0,0,0,0
195,Tim Leary\learyti01,22,NYM,1st,1,1,1,1,1,0,0,0,0,0,0,0,0,0,0,0
196,Bill Lee\leebi03,34,MON,13,31,7,31,31,31,0,0,0,0,0,0,0,0,0,0,0
197,Mark Lee\leema01,28,PIT,4,12,0,12,12,12,0,0,0,0,0,0,0,0,0,0,0
198,Joe Lefebvre\lefebjo01,25,SDP,2,86,70,86,84,0,0,0,0,0,0,0,3,83,84,7,2
199,Charlie Leibrandt\leibrch01,24,CIN,3,7,4,7,7,7,0,0,0,0,0,0,0,0,0,0,0
200,Johnnie LeMaster\lemasjo01,27,SFG,7,104,97,104,103,0,0,0,0,0,103,0,0,0,0,0,1
201,Jeffrey Leonard\leonaje01,25,2TM,5,44,36,44,37,0,0,7,0,0,0,8,20,6,31,8,0
202,Carlos Lezcano\lezcaca01,25,CHC,2,7,3,7,5,0,0,0,0,0,0,1,0,4,5,2,1
203,Sixto Lezcano\lezcasi01,27,STL,8,72,61,72,65,0,0,0,0,0,0,33,0,33,65,8,1
204,Rufino Linares\linarru01,30,ATL,1st,78,54,78,61,0,0,0,0,0,0,61,0,0,61,24,0
205,Mark Littell\littema01,28,STL,8,28,1,28,28,28,0,0,0,0,0,0,0,0,0,0,0
206,John Littlefield\littljo01,27,SDP,2,42,0,42,42,42,0,0,0,0,0,0,0,0,0,0,0
207,Tim Lollar\lollati01,25,SDP,2,24,11,24,24,24,0,0,0,0,0,0,0,0,0,0,0
208,Bob Long\longbo01,26,PIT,1st,5,3,5,5,5,0,0,0,0,0,0,0,0,0,0,0
209,Davey Lopes\lopesda01,36,LAD,10,58,54,58,55,0,0,0,55,0,0,0,0,0,0,3,0
210,Scott Loucks\loucksc01,24,HOU,2,10,1,10,5,0,0,0,0,0,0,0,5,0,5,0,5
211,Gary Lucas\lucasga01,26,SDP,2,57,0,57,57,57,0,0,0,0,0,0,0,0,0,0,0
212,Mike Lum\lummi01,35,2TM,15,51,10,51,16,0,0,1,0,0,0,12,0,3,15,40,0
213,Sparky Lyle\lylesp01,36,PHI,15,48,0,48,48,48,0,0,0,0,0,0,0,0,0,0,0
214,Ed Lynch\lynched01,25,NYM,2,17,13,17,17,17,0,0,0,0,0,0,0,0,0,0,0
215,Garry Maddox\maddoga01,31,PHI,10,94,85,94,93,0,0,0,0,0,0,0,93,0,93,1,0
216,Bill Madlock\madlobi01,30,PIT,9,82,77,82,78,0,0,0,0,78,0,0,0,0,0,4,1
217,Rick Mahler\mahleri01,27,ATL,3,34,14,34,34,34,0,0,0,0,0,0,0,0,0,0,0
218,Candy Maldonado\maldoca01,20,LAD,1st,11,2,11,9,0,0,0,0,0,0,4,0,5,9,4,1
219,Jerry Manuel\manueje01,27,MON,4,27,14,27,25,0,0,0,23,0,2,0,0,0,0,0,3
220,Mike Marshall\marshmi01,38,NYM,14,20,0,20,20,20,0,0,0,0,0,0,0,0,0,0,0
221,Mike Marshall\marshmi02,21,LAD,1st,14,4,14,7,0,0,3,0,3,0,2,0,1,2,9,1
222,Jerry Martin\martije01,32,SFG,8,72,60,72,64,0,0,0,0,0,0,9,58,0,64,8,0
223,John Martin\martijo05,25,STL,2,18,15,18,17,17,0,0,0,0,0,0,0,0,0,0,1
224,Silvio Martinez\martisi01,25,STL,5,18,16,18,18,18,0,0,0,0,0,0,0,0,0,0,0
225,Randy Martz\martzra01,25,CHC,2,34,14,34,33,33,0,0,0,0,0,0,0,0,0,1,0
226,Gary Matthews\matthga01,30,PHI,10,101,99,101,99,0,0,0,0,0,0,99,0,0,99,2,0
227,Rick Matula\matulri01,27,ATL,3,5,0,5,5,5,0,0,0,0,0,0,0,0,0,0,0
228,Len Matuszek\matusle01,26,PHI,1st,13,1,13,2,0,0,1,0,1,0,0,0,0,0,12,0
229,Milt May\maymi01,30,SFG,12,97,86,97,93,0,93,0,0,0,0,0,0,0,0,10,0
230,Lee Mazzilli\mazzile01,26,NYM,6,95,87,95,89,0,0,2,0,0,0,51,40,0,89,7,0
231,Bake McBride\mcbriba01,32,PHI,9,58,56,58,56,0,0,0,0,0,0,0,0,56,56,2,0
232,Don McCormack\mccordo01,25,PHI,2,3,1,3,3,0,3,0,0,0,0,0,0,0,0,0,0
233,Lynn McGlothen\mcgloly01,31,CHC,10,20,6,20,20,20,0,0,0,0,0,0,0,0,0,1,0
234,Tug McGraw\mcgratu01,36,PHI,16,34,0,34,34,34,0,0,0,0,0,0,0,0,0,0,0
235,Larry McWilliams\mcwilla01,27,ATL,4,6,5,6,6,6,0,0,0,0,0,0,0,0,0,0,0
236,Sam Mejias\mejiasa01,29,CIN,6,66,6,66,58,0,0,0,0,0,0,0,16,43,58,9,4
237,Dyar Miller\milledy01,35,NYM,7,23,0,23,23,23,0,0,0,0,0,0,0,0,0,0,0
238,Eddie Miller\milleed04,24,ATL,5,50,29,50,36,0,0,0,0,0,0,28,2,7,36,7,14
239,Brad Mills\millsbr01,24,MON,2,17,3,17,9,0,0,0,2,7,0,0,0,0,0,9,0
240,Eddie Milner\milneed01,26,CIN,2,8,0,8,4,0,0,0,0,0,0,2,0,2,4,3,4
241,John Milner\milnejo01,31,2TM,11,65,32,65,37,0,0,29,0,0,0,8,0,0,8,32,1
242,Greg Minton\mintogr01,29,SFG,7,55,0,55,55,55,0,0,0,0,0,0,0,0,0,0,0
243,Bobby Mitchell\mitchbo03,26,LAD,2,10,0,10,8,0,0,0,0,0,0,1,6,2,8,3,1
244,Randy Moffitt\moffira01,32,SFG,10,10,0,10,10,10,0,0,0,0,0,0,0,0,0,0,0
245,Rick Monday\mondari01,35,LAD,16,66,31,66,41,0,0,0,0,0,0,6,0,37,41,27,0
246,Willie Montanez\montawi01,33,2TM,13,55,16,55,26,0,0,26,0,0,0,0,0,0,0,32,0
247,John Montefusco\montejo01,31,ATL,8,26,9,26,26,26,0,0,0,0,0,0,0,0,0,0,0
248,Jerry Morales\moralje01,32,CHC,13,84,55,84,72,0,0,0,0,0,0,17,49,8,72,17,1
249,Keith Moreland\morelke01,27,PHI,4,61,49,61,58,0,50,2,0,8,0,0,0,2,2,5,0
250,Jose Moreno\morenjo01,23,SDP,2,34,8,34,10,0,0,0,1,0,0,4,0,5,9,25,1
251,Omar Moreno\morenom01,28,PIT,7,103,103,103,103,0,0,0,0,0,0,0,103,0,103,0,0
252,Joe Morgan\morgajo02,37,SFG,19,90,84,90,87,0,0,0,87,0,0,0,0,0,0,5,0
253,Paul Moskau\moskapa01,27,CIN,5,27,1,27,27,27,0,0,0,0,0,0,0,0,0,0,0
254,Steve Mura\murast01,26,SDP,4,24,22,24,23,23,0,0,0,0,0,0,0,0,0,0,1
255,Dale Murphy\murphda05,25,ATL,6,104,99,104,103,0,0,3,0,0,0,0,102,1,103,2,1
256,Bill Nahorodny\nahorbi01,27,ATL,6,14,0,14,4,0,3,1,0,0,0,0,0,0,0,10,0
257,Steve Nicosia\nicosst01,25,PIT,4,54,49,54,52,0,52,0,0,0,0,0,0,0,0,2,0
258,Tom Niedenfuer\niedeto01,21,LAD,1st,17,0,17,17,17,0,0,0,0,0,0,0,0,0,0,0
259,Joe Niekro\niekrjo01,36,HOU,15,24,24,24,24,24,0,0,0,0,0,0,0,0,0,0,0
260,Phil Niekro\niekrph01,42,ATL,18,22,22,22,22,22,0,0,0,0,0,0,0,0,0,0,0
261,Joe Nolan\nolanjo01,30,CIN,7,81,62,81,81,0,81,0,0,0,0,0,0,0,0,12,0
262,Dickie Noles\nolesdi01,24,PHI,3,13,8,13,13,13,0,0,0,0,0,0,0,0,0,0,0
263,Bill North\northbi01,33,SFG,11,46,35,46,37,0,0,0,0,0,0,0,37,0,37,9,0
264,Mike O'Berry\o'bermi01,27,CIN,3,55,39,55,55,0,55,0,0,0,0,0,0,0,0,0,1
265,Ken Oberkfell\oberkke01,25,STL,5,102,101,102,102,0,0,0,0,102,1,0,0,0,0,1,0
266,Ron Oester\oestero01,25,CIN,4,105,102,105,105,0,0,0,103,0,9,0,0,0,0,0,1
267,Rowland Office\officro01,28,MON,9,26,6,26,14,0,0,0,0,0,0,0,3,11,14,14,2
268,Jesse Orosco\oroscje01,24,NYM,2,8,0,8,8,8,0,0,0,0,0,0,0,0,0,0,0
269,Jim Otten\ottenji01,29,STL,5,24,0,24,24,24,0,0,0,0,0,0,0,0,0,0,0
270,Larry Owen\owenla01,26,ATL,1st,13,5,13,10,0,10,0,0,0,0,0,0,0,0,4,0
271,Dave Parker\parkeda01,30,PIT,9,67,59,67,60,0,0,0,0,0,0,0,0,60,60,7,1
272,Larry Parrish\parrila01,27,MON,8,97,94,97,95,0,0,0,0,95,0,0,0,0,0,2,0
273,Frank Pastore\pastofr01,23,CIN,3,22,22,22,22,22,0,0,0,0,0,0,0,0,0,0,0
274,Bob Pate\patebo01,27,MON,2,8,0,8,5,0,0,0,0,0,0,1,2,2,5,3,0
275,Alejandro Pena\penaal01,22,LAD,1st,14,0,14,14,14,0,0,0,0,0,0,0,0,0,0,0
276,Bert Pena\penabe01,21,HOU,1st,4,0,4,3,0,0,0,0,0,3,0,0,0,0,2,0
277,Tony Pena\penato01,24,PIT,2,66,54,66,64,0,64,0,0,0,0,0,0,0,0,2,0
278,Jack Perconte\percoja01,26,LAD,2,8,1,8,2,0,0,0,2,0,0,0,0,0,0,6,1
279,Pascual Perez\perezpa01,24,PIT,2,18,13,18,17,17,0,0,0,0,0,0,0,0,0,0,1
280,Broderick Perkins\perkibr01,26,SDP,4,92,59,92,82,0,0,80,0,0,0,1,0,2,3,16,6
281,Gaylord Perry\perryga01,42,ATL,20,24,23,24,23,23,0,0,0,0,0,0,0,0,0,0,1
282,Joe Pettini\pettijo01,26,SFG,2,35,7,35,32,0,0,0,12,9,12,0,0,0,0,1,6
283,Mike Phillips\phillmi01,30,2TM,9,48,22,48,42,0,0,0,15,0,28,0,0,0,0,6,1
284,Joe Pittman\pittmjo01,28,HOU,1st,52,34,52,38,0,0,0,35,4,0,0,0,0,0,17,0
285,Gordie Pladson\pladsgo01,24,HOU,3,2,0,2,2,2,0,0,0,0,0,0,0,0,0,0,0
286,Biff Pocoroba\pocorbi01,27,ATL,7,57,26,57,29,0,9,0,0,21,0,0,0,0,0,31,0
287,Bob Porter\portebo02,21,ATL,1st,17,0,17,0,0,0,0,0,0,0,0,0,0,0,16,1
288,Darrell Porter\porteda02,29,STL,11,61,51,61,52,0,52,0,0,0,0,0,0,0,0,10,0
289,Ted Power\powerte01,26,LAD,1st,5,2,5,5,5,0,0,0,0,0,0,0,0,0,0,0
290,Joe Price\pricejo02,24,CIN,2,41,0,41,41,41,0,0,0,0,0,0,0,0,0,0,0
291,Mike Proly\prolymi01,30,PHI,5,35,2,35,35,35,0,0,0,0,0,0,0,0,0,0,0
292,Terry Puhl\puhlte01,24,HOU,5,96,86,96,88,0,0,0,0,0,0,0,20,71,88,10,0
293,Luis Pujols\pujollu01,25,HOU,5,40,35,40,39,0,39,0,0,0,0,0,0,0,0,4,0
294,Charlie Puleo\puleoch01,26,NYM,1st,4,1,4,4,4,0,0,0,0,0,0,0,0,0,0,0
295,Tim Raines\raineti01,21,MON,3,88,81,88,81,0,0,0,1,0,0,81,0,0,81,0,7
296,Mario Ramirez\ramirma01,23,SDP,2,13,2,13,4,0,0,0,0,2,2,0,0,0,0,3,6
297,Rafael Ramirez\ramirra01,23,ATL,2,95,92,95,95,0,0,0,0,0,95,0,0,0,0,0,0
298,Bobby Ramos\ramosbo01,25,MON,3,26,9,26,23,0,23,0,0,0,0,0,0,0,0,3,1
299,Mike Ramsey\ramsemi01,27,STL,3,47,29,47,42,0,0,0,1,5,35,1,0,0,1,7,1
300,Jeff Ransom\ransoje01,20,SFG,1st,5,3,5,5,0,5,0,0,0,0,0,0,0,0,1,0
301,Steve Ratzer\ratzest01,27,MON,2,12,0,12,12,12,0,0,0,0,0,0,0,0,0,0,0
302,Johnny Ray\rayjo01,24,PIT,1st,31,25,31,31,0,0,0,31,0,0,0,0,0,0,2,0
303,Jeff Reardon\reardje01,25,2TM,3,43,0,43,43,43,0,0,0,0,0,0,0,0,0,0,0
304,Jerry Reed\reedje01,25,PHI,1st,4,0,4,4,4,0,0,0,0,0,0,0,0,0,0,0
305,Ron Reed\reedro01,38,PHI,16,39,0,39,39,39,0,0,0,0,0,0,0,0,0,0,0
306,Ken Reitz\reitzke01,30,CHC,10,82,75,82,81,0,0,0,0,81,0,0,0,0,0,1,0
307,Rick Reuschel\reuscri01,32,CHC,10,16,13,16,13,13,0,0,0,0,0,0,0,0,0,0,3
308,Jerry Reuss\reussje01,32,LAD,13,22,22,22,22,22,0,0,0,0,0,0,0,0,0,0,0
309,Craig Reynolds\reynocr01,28,HOU,7,87,83,87,85,0,0,0,0,0,85,0,0,0,0,2,1
310,Rick Rhoden\rhoderi01,28,PIT,8,21,21,21,21,21,0,0,0,0,0,0,0,0,0,0,0
311,Gene Richards\richage01,27,SDP,5,104,101,104,101,0,0,0,0,0,0,101,0,0,101,3,0
312,Andy Rincon\rincoan01,22,STL,2,5,5,5,5,5,0,0,0,0,0,0,0,0,0,0,0
313,Allen Ripley\ripleal01,28,SFG,4,19,14,19,19,19,0,0,0,0,0,0,0,0,0,0,0
314,Dave Roberts\roberda05,36,NYM,13,7,4,7,7,7,0,0,0,0,0,0,0,0,0,0,0
315,Dave Roberts\roberda06,30,HOU,9,27,10,27,21,0,1,10,3,7,0,0,0,0,0,13,0
316,Bill Robinson\robinbi02,38,PIT,14,39,20,39,30,0,0,23,0,1,0,1,0,6,7,16,0
317,Don Robinson\robindo01,24,PIT,4,17,2,17,16,16,0,0,0,0,0,0,0,0,0,1,1
318,Ron Roenicke\roeniro01,24,LAD,1st,22,11,22,20,0,0,0,0,0,0,5,6,10,20,4,1
319,Steve Rogers\rogerst01,31,MON,9,23,22,23,22,22,0,0,0,0,0,0,0,0,0,0,1
320,Enrique Romo\romoen01,33,PIT,5,33,0,33,33,33,0,0,0,0,0,0,0,0,0,0,0
321,Gene Roof\roofge01,23,STL,1st,23,15,23,20,0,0,0,0,0,0,20,0,0,20,2,1
322,Pat Rooney\roonepa01,23,MON,1st,4,0,4,2,0,0,0,0,0,0,0,0,2,2,2,1
323,Pete Rose\rosepe01,40,PHI,19,107,107,107,107,0,0,107,0,0,0,0,0,0,0,0,0
324,Mike Rowland\rowlami01,28,SFG,2,9,1,9,9,9,0,0,0,0,0,0,0,0,0,0,0
325,Jerry Royster\roystje01,28,ATL,9,64,16,64,36,0,0,0,13,25,0,0,0,0,0,24,19
326,Vern Ruhle\ruhleve01,30,HOU,8,20,15,20,20,20,0,0,0,0,0,0,0,0,0,0,0
327,Paul Runge\rungepa01,23,ATL,1st,10,9,10,10,0,0,0,0,0,10,0,0,0,0,0,0
328,Bill Russell\russebi01,32,LAD,13,82,78,82,80,0,0,0,0,0,80,0,0,0,0,0,2
329,Dick Ruthven\ruthvdi01,30,PHI,9,23,22,23,23,23,0,0,0,0,0,0,0,0,0,0,0
330,Nolan Ryan\ryanno01,34,HOU,15,21,21,21,21,21,0,0,0,0,0,0,0,0,0,0,0
331,Mike Sadek\sadekmi01,35,SFG,8,19,12,19,19,0,19,0,0,0,0,0,0,0,0,0,5
332,Luis Salazar\salazlu01,25,SDP,2,109,106,109,107,0,0,0,0,94,0,1,10,14,23,2,0
333,Joe Sambito\sambijo01,29,HOU,6,49,0,49,49,49,0,0,0,0,0,0,0,0,0,0,0
334,Orlando Sanchez\sanchor01,24,STL,1st,27,9,27,18,0,18,0,0,0,0,0,0,0,0,10,0
335,Ryne Sandberg\sandbry01,21,PHI,1st,13,0,13,6,0,0,0,1,0,5,0,0,0,0,0,7
336,Scott Sanderson\sandesc01,24,MON,4,22,22,22,22,22,0,0,0,0,0,0,0,0,0,0,0
337,Steve Sax\saxst01,21,LAD,1st,31,28,31,29,0,0,0,29,0,0,0,0,0,0,3,0
338,Mike Schmidt\schmimi01,31,PHI,10,102,101,102,101,0,0,0,0,101,0,0,0,0,0,1,0
339,Mike Scioscia\sciosmi01,22,LAD,2,93,87,93,91,0,91,0,0,0,0,0,0,0,0,3,0
340,Mike Scott\scottmi03,26,NYM,3,23,23,23,23,23,0,0,0,0,0,0,0,0,0,0,0
341,Rodney Scott\scottro01,27,MON,7,95,92,95,93,0,0,0,93,0,0,0,0,0,0,0,2
342,Tony Scott\scottto01,29,2TM,8,100,96,100,99,0,0,0,0,0,0,0,99,0,99,0,2
343,Rod Scurry\scurrro01,25,PIT,2,27,7,27,27,27,0,0,0,0,0,0,0,0,0,0,0
344,Ray Searage\searara01,26,NYM,1st,26,0,26,26,26,0,0,0,0,0,0,0,0,0,0,0
345,Tom Seaver\seaveto01,36,CIN,15,23,23,23,23,23,0,0,0,0,0,0,0,0,0,0,0
346,Bob Shirley\shirlbo01,27,STL,5,28,11,28,28,28,0,0,0,0,0,0,0,0,0,0,0
347,Eric Show\shower01,25,SDP,1st,15,0,15,15,15,0,0,0,0,0,0,0,0,0,0,0
348,Matt Sinatro\sinatma01,21,ATL,1st,12,10,12,12,0,12,0,0,0,0,0,0,0,0,0,0
349,Billy Smith\smithbi05,27,SFG,6,36,14,36,27,0,0,0,5,3,21,0,0,0,0,13,2
350,Billy Smith\smithbi06,26,HOU,1st,10,1,10,10,10,0,0,0,0,0,0,0,0,0,0,0
351,Bryn Smith\smithbr01,25,MON,1st,7,0,7,7,7,0,0,0,0,0,0,0,0,0,0,0
352,Chris Smith\smithch05,23,MON,1st,7,0,7,1,0,0,0,1,0,0,0,0,0,0,7,0
353,Dave Smith\smithda02,26,HOU,2,42,0,42,42,42,0,0,0,0,0,0,0,0,0,0,0
354,Ken Smith\smithke02,23,ATL,1st,5,0,5,4,0,0,4,0,0,0,0,0,0,0,1,0
355,Lee Smith\smithle02,23,CHC,2,40,1,40,40,40,0,0,0,0,0,0,0,0,0,0,0
356,Lonnie Smith\smithlo01,25,PHI,4,62,43,62,51,0,0,0,0,0,0,8,23,24,51,5,10
357,Ozzie Smith\smithoz01,26,SDP,4,110,110,110,110,0,0,0,0,0,110,0,0,0,0,0,0
358,Reggie Smith\smithre06,36,LAD,16,41,0,41,2,0,0,2,0,0,0,0,0,0,0,39,0
359,Eddie Solomon\solomed01,30,PIT,9,25,17,25,22,22,0,0,0,0,0,0,0,0,0,0,3
360,Lary Sorensen\sorenla01,25,STL,5,23,23,23,23,23,0,0,0,0,0,0,0,0,0,0,0
361,Elias Sosa\sosael01,31,MON,10,32,0,32,32,32,0,0,0,0,0,0,0,0,0,0,0
362,Mario Soto\sotoma01,24,CIN,5,25,25,25,25,25,0,0,0,0,0,0,0,0,0,0,0
363,Chris Speier\speiech01,31,MON,11,96,96,96,96,0,0,0,0,0,96,0,0,0,0,0,0
364,Harry Spilman\spilmha01,26,2TM,4,51,6,51,18,0,0,15,0,3,0,0,0,0,0,37,1
365,Bobby Sprowl\sprowbo01,25,HOU,4,15,1,15,15,15,0,0,0,0,0,0,0,0,0,0,0
366,Willie Stargell\stargwi01,41,PIT,20,38,9,38,9,0,0,9,0,0,0,0,0,0,0,29,0
367,Rusty Staub\staubru01,37,NYM,19,70,40,70,41,0,0,41,0,0,0,0,0,0,0,30,0
368,John Stearns\stearjo01,29,NYM,8,80,73,80,76,0,66,9,0,4,0,0,0,0,0,7,0
369,Rennie Stennett\stennre01,30,SFG,11,38,18,38,19,0,0,0,19,0,0,0,0,0,0,20,0
370,Dave Stewart\stewada01,24,LAD,2,32,0,32,32,32,0,0,0,0,0,0,0,0,0,0,0
371,Craig Stimac\stimacr01,26,SDP,2,9,0,9,0,0,0,0,0,0,0,0,0,0,0,9,0
372,Joe Strain\straijo01,27,CHC,3,25,19,25,20,0,0,0,20,0,0,0,0,0,0,5,0
373,Guy Sularz\sulargu01,25,SFG,2,10,5,10,7,0,0,0,6,1,0,0,0,0,0,3,2
374,Rick Sutcliffe\sutclri01,25,LAD,5,14,6,14,14,14,0,0,0,0,0,0,0,0,0,0,0
375,Bruce Sutter\suttebr01,28,STL,6,48,0,48,48,48,0,0,0,0,0,0,0,0,0,0,0
376,Don Sutton\suttodo01,36,HOU,16,23,23,23,23,23,0,0,0,0,0,0,0,0,0,0,0
377,Craig Swan\swancr01,30,NYM,9,5,3,5,5,5,0,0,0,0,0,0,0,0,0,0,0
378,Steve Swisher\swishst01,29,SDP,8,16,6,16,10,0,10,0,0,0,0,0,0,0,0,8,0
379,Bob Sykes\sykesbo01,26,STL,5,22,1,22,22,22,0,0,0,0,0,0,0,0,0,0,0
380,Pat Tabler\tablepa01,23,CHC,1st,35,31,35,35,0,0,0,35,0,0,0,0,0,0,0,1
381,Frank Taveras\taverfr01,31,NYM,10,84,73,84,79,0,0,0,0,0,79,0,0,0,0,4,4
382,Kent Tekulve\tekulke01,34,PIT,8,45,0,45,45,45,0,0,0,0,0,0,0,0,0,0,0
383,Garry Templeton\templga01,25,STL,6,80,76,80,76,0,0,0,0,0,76,0,0,0,0,4,0
384,Gene Tenace\tenacge01,34,STL,13,58,39,58,44,0,38,7,0,0,0,0,0,0,0,18,0
385,Derrel Thomas\thomade01,30,LAD,11,80,58,80,79,0,0,0,30,10,26,3,10,6,18,3,6
386,Jason Thompson\thompja01,26,PIT,6,86,65,86,78,0,0,78,0,0,0,0,0,0,0,16,0
387,Scot Thompson\thompsc01,25,CHC,4,57,24,57,33,0,0,3,0,0,0,3,20,8,30,23,5
388,Dickie Thon\thondi01,23,HOU,3,49,25,49,43,0,0,0,29,5,13,0,0,0,0,2,10
389,Luis Tiant\tiantlu01,40,PIT,18,9,9,9,9,9,0,0,0,0,0,0,0,0,0,0,0
390,Dick Tidrow\tidrodi01,34,CHC,10,51,0,51,51,51,0,0,0,0,0,0,0,0,0,0,0
391,Tim Tolman\tolmati01,25,HOU,1st,4,1,4,3,0,0,0,0,0,0,3,0,1,3,2,0
392,Jim Tracy\tracyji01,25,CHC,2,45,10,45,11,0,0,0,0,0,0,10,0,1,11,34,0
393,Alex Trevino\trevial01,23,NYM,4,56,38,56,49,0,45,0,4,1,0,2,0,1,2,10,2
394,Manny Trillo\trillma01,30,PHI,9,94,93,94,94,0,0,0,94,0,0,0,0,0,0,0,0
395,Bob Tufts\tuftsbo01,25,SFG,1st,11,0,11,11,11,0,0,0,0,0,0,0,0,0,0,0
396,Jerry Turner\turneje01,27,SDP,8,33,2,33,5,0,0,0,0,0,0,0,0,5,5,30,0
397,Mike Tyson\tysonmi01,31,CHC,10,50,23,50,37,0,0,0,36,0,1,0,0,0,0,18,2
398,Del Unser\unserde01,36,PHI,14,62,4,62,31,0,0,18,0,0,0,7,6,4,16,38,1
399,John Urrea\urreajo01,26,SDP,5,38,0,38,38,38,0,0,0,0,0,0,0,0,0,0,0
400,Mike Vail\vailmi01,29,CIN,7,31,0,31,3,0,0,0,0,0,0,0,0,3,3,28,0
401,Ellis Valentine\valenel01,26,2TM,7,70,64,70,68,0,0,0,0,0,0,0,0,68,68,4,0
402,Fernando Valenzuela\valenfe01,20,LAD,2,25,25,25,25,25,0,0,0,0,0,0,0,0,0,0,0
403,Max Venable\venabma01,24,SFG,3,18,5,18,5,0,0,0,0,0,0,0,2,3,5,13,0
404,Ozzie Virgil\virgioz02,24,PHI,2,6,0,6,1,0,1,0,0,0,0,0,0,0,0,5,0
405,George Vukovich\vukovge01,25,PHI,2,20,2,20,9,0,0,0,0,0,0,3,1,5,9,12,0
406,John Vukovich\vukovjo01,33,PHI,10,11,0,11,11,0,0,1,1,9,0,0,0,0,0,0,1
407,Bob Walk\walkbo01,24,ATL,2,12,8,12,12,12,0,0,0,0,0,0,0,0,0,0,0
408,Tim Wallach\wallati01,23,MON,2,71,54,71,64,0,0,16,0,15,0,1,0,34,35,8,1
409,Ty Waller\wallety01,24,CHC,2,30,16,30,26,0,0,0,3,22,0,0,3,0,3,2,4
410,Denny Walling\wallide01,27,HOU,7,65,39,65,50,0,0,27,0,0,0,5,1,21,27,20,1
411,Claudell Washington\washicl01,26,ATL,8,85,79,85,79,0,0,0,0,0,0,0,0,79,79,6,0
412,Gary Weiss\weissga01,25,LAD,2,14,4,14,13,0,0,0,0,0,13,0,0,0,0,1,4
413,Bob Welch\welchbo01,24,LAD,4,23,23,23,23,23,0,0,0,0,0,0,0,0,0,0,0
414,Chris Welsh\welshch01,26,SDP,1st,22,19,22,22,22,0,0,0,0,0,0,0,0,0,0,0
415,Larry Whisenton\whisela01,24,ATL,4,9,0,9,2,0,0,0,0,0,0,1,0,1,2,6,2
416,Jerry White\whiteje01,28,MON,8,59,25,59,39,0,0,0,0,0,0,7,13,20,39,21,2
417,Ed Whitson\whitsed01,26,SFG,5,22,22,22,22,22,0,0,0,0,0,0,0,0,0,0,0
418,Tom Wieghaus\wieghto01,24,MON,1st,1,0,1,1,0,1,0,0,0,0,0,0,0,0,0,0
419,Alan Wiggins\wiggial01,23,SDP,1st,15,1,15,4,0,0,0,0,0,0,4,0,0,4,4,8
420,Mookie Wilson\wilsomo01,25,NYM,2,92,76,92,80,0,0,0,0,0,0,6,68,10,80,12,0
421,Rick Wise\wiseri01,35,SDP,17,18,18,18,18,18,0,0,0,0,0,0,0,0,0,0,0
422,Jim Wohlford\wohlfji01,30,SFG,10,50,6,50,11,0,0,0,0,0,0,11,0,0,11,44,0
423,Gary Woods\woodsga01,27,HOU,5,54,24,54,40,0,0,0,0,0,0,2,3,35,40,20,2
424,Steve Yeager\yeagest01,32,LAD,10,42,23,42,39,0,39,0,0,0,0,0,0,0,0,5,0
425,Joel Youngblood\youngjo02,29,NYM,6,43,37,43,41,0,0,0,0,0,0,5,1,36,41,4,1
426,Pat Zachry\zachrpa01,29,NYM,6,24,24,24,24,24,0,0,0,0,0,0,0,0,0,0,0