Rk,Name,Age,Tm,Yrs,G,GS,Batting,Defense,P,C,1B,2B,3B,SS,LF,CF,RF,OF,PH,PR
1,Hank Aaron\aaronha01,36,ATL,17,150,135,150,136,0,0,11,0,0,0,0,0,125,125,15,0
2,Tommie Aaron\aaronto01,30,ATL,6,44,12,44,27,0,0,16,0,0,0,10,0,2,12,17,4
3,Ted Abernathy\abernte02,37,2TM,12,22,0,22,22,22,0,0,0,0,0,0,0,0,0,0,0
4,Ed Acosta\acosted01,26,PIT,1st,3,0,3,3,3,0,0,0,0,0,0,0,0,0,0,0
5,Tommie Agee\ageeto01,27,NYM,9,153,146,153,151,0,0,0,0,0,0,0,150,2,151,4,1
6,Hank Aguirre\aguirha01,39,CHC,16,17,0,17,17,17,0,0,0,0,0,0,0,0,0,0,0
7,Dick Allen\allendi01,28,STL,8,122,119,122,119,0,0,79,0,38,0,3,0,0,3,3,0
8,Gene Alley\alleyge01,29,PIT,8,121,112,121,115,0,0,0,8,3,107,0,0,0,0,5,2
9,Jesus Alou\alouje01,28,HOU,8,117,104,117,108,0,0,0,0,0,0,29,0,89,108,11,0
10,Matty Alou\alouma01,31,PIT,11,155,153,155,153,0,0,0,0,0,0,0,152,1,153,2,0
11,Jose Arcia\arciajo01,26,SDP,3,114,59,114,99,0,0,0,20,9,67,7,0,0,7,1,33
12,Steve Arlin\arlinst01,24,SDP,2,2,2,2,2,2,0,0,0,0,0,0,0,0,0,0,0
13,Bob Aspromonte\asprobo01,32,ATL,12,62,28,62,35,0,0,1,0,30,4,1,0,0,1,29,0
14,Bob Bailey\bailebo01,27,MON,9,131,88,131,97,0,0,18,0,47,0,45,0,0,45,43,0
15,Dusty Baker\bakerdu01,21,ATL,3,13,5,13,11,0,0,0,0,0,0,5,3,3,11,1,6
16,Jack Baldschun\baldsja01,33,SDP,9,12,0,12,12,12,0,0,0,0,0,0,0,0,0,0,0
17,Ernie Banks\bankser01,39,CHC,18,72,57,72,62,0,0,62,0,0,0,0,0,0,0,11,0
18,Steve Barber\barbest01,32,2TM,11,10,2,10,10,10,0,0,0,0,0,0,0,0,0,0,0
19,Bob Barton\bartobo01,28,SDP,6,61,57,61,59,0,59,0,0,0,0,0,0,0,0,2,0
20,John Bateman\batemjo01,29,MON,8,139,136,139,137,0,137,0,0,0,0,0,0,0,0,2,0
21,Del Bates\batesde01,30,PHI,1st,22,14,22,20,0,20,0,0,0,0,0,0,0,0,5,0
22,Jim Beauchamp\beaucji01,30,2TM,7,75,10,75,32,0,0,5,0,0,0,16,9,2,27,43,4
23,Glenn Beckert\beckegl01,29,CHC,6,143,139,143,139,0,0,0,138,0,0,0,1,0,1,4,0
24,Mel Behney\behneme01,22,CIN,1st,5,1,5,5,5,0,0,0,0,0,0,0,0,0,0,0
25,Bo Belinsky\belinbo01,33,CIN,8,3,0,3,3,3,0,0,0,0,0,0,0,0,0,0,0
26,Johnny Bench\benchjo01,22,CIN,4,158,152,158,157,0,139,12,0,1,0,15,2,7,24,5,0
27,Frank Bertaina\bertafr01,26,STL,7,8,5,8,8,8,0,0,0,0,0,0,0,0,0,0,0
28,Jack Billingham\billija01,27,HOU,3,46,24,46,46,46,0,0,0,0,0,0,0,0,0,0,0
29,Wade Blasingame\blasiwa01,26,HOU,8,13,13,13,13,13,0,0,0,0,0,0,0,0,0,0,0
30,Steve Blass\blassst01,28,PIT,6,32,31,32,31,31,0,0,0,0,0,0,0,0,0,0,1
31,John Boccabella\boccajo01,29,MON,8,61,39,61,55,0,24,33,0,1,0,0,0,0,0,10,0
32,Bobby Bonds\bondsbo01,24,SFG,3,157,155,157,157,0,0,0,0,0,0,0,37,137,157,2,0
33,Pedro Borbon\borbope01,23,CIN,2,12,1,12,12,12,0,0,0,0,0,0,0,0,0,0,0
34,Ken Boswell\bosweke01,24,NYM,4,105,93,105,101,0,0,0,101,0,0,0,0,0,0,11,0
35,Jim Bouton\boutoji01,31,HOU,9,29,6,29,29,29,0,0,0,0,0,0,0,0,0,0,0
36,Larry Bowa\bowala01,24,PHI,1st,145,141,145,143,0,0,0,1,0,143,0,0,0,0,0,3
37,Clete Boyer\boyercl02,33,ATL,15,134,128,134,131,0,0,0,0,126,5,0,0,0,0,3,0
38,Ron Brand\brandro01,30,MON,7,72,17,72,44,0,9,0,3,12,19,1,3,1,5,39,2
39,Angel Bravo\bravoan01,27,CIN,2,65,6,65,22,0,0,0,0,0,0,6,11,5,22,49,1
40,Jim Brewer\breweji01,32,LAD,11,58,0,58,58,58,0,0,0,0,0,0,0,0,0,0,0
41,John Briggs\briggjo02,26,PHI,7,110,88,110,95,0,0,0,0,0,0,81,10,14,95,18,1
42,Nelson Briles\brilene01,26,STL,6,30,19,30,30,30,0,0,0,0,0,0,0,0,0,0,0
43,Lou Brock\brocklo01,31,STL,10,155,152,155,152,0,0,0,0,0,0,149,0,3,152,3,0
44,Ollie Brown\brownol02,26,SDP,6,139,136,139,137,0,0,0,0,0,0,0,0,137,137,3,0
45,Oscar Brown\brownos01,24,ATL,2,28,12,28,25,0,0,0,0,0,0,8,12,5,25,3,6
46,Byron Browne\brownby01,27,PHI,6,104,68,104,88,0,0,0,0,0,0,7,24,60,88,25,1
47,George Brunet\brunege01,35,PIT,14,12,1,12,12,12,0,0,0,0,0,0,0,0,0,0,0
48,Don Bryant\bryando01,28,HOU,3,15,4,15,13,0,13,0,0,0,0,0,0,0,0,4,0
49,Ron Bryant\bryanro01,22,SFG,3,34,11,34,34,34,0,0,0,0,0,0,0,0,0,0,0
50,Bill Buckner\bucknbi01,20,LAD,2,28,16,28,20,0,0,1,0,0,0,19,0,1,20,9,0
51,Jim Bunning\bunniji01,38,PHI,16,35,33,35,34,34,0,0,0,0,0,0,0,0,0,1,0
52,Bob Burda\burdabo01,31,SFG,5,28,1,28,9,0,0,8,0,0,0,1,0,0,1,19,0
53,Johnny Callison\callijo01,31,CHC,13,147,130,147,144,0,0,0,0,0,0,0,3,143,144,4,2
54,Fred Cambria\cambrfr01,22,PIT,1st,6,5,6,6,6,0,0,0,0,0,0,0,0,0,0,0
55,Dave Campbell\campbda01,28,SDP,4,154,144,154,153,0,0,0,153,0,0,0,0,0,0,1,1
56,Jim Campbell\campbji02,27,STL,1st,13,0,13,0,0,0,0,0,0,0,0,0,0,0,13,0
57,Sal Campisi\campisa01,27,STL,2,37,0,37,37,37,0,0,0,0,0,0,0,0,0,0,0
58,Chris Cannizzaro\cannich01,32,SDP,9,111,100,111,110,0,110,0,0,0,0,0,0,0,0,2,1
59,Bernie Carbo\carbobe01,22,CIN,2,125,109,125,119,0,0,0,0,0,0,118,0,1,119,14,0
60,Jose Cardenal\cardejo02,26,STL,8,148,129,148,134,0,0,0,0,0,0,0,133,1,134,17,1
61,Don Cardwell\cardwdo01,34,2TM,14,32,3,32,32,32,0,0,0,0,0,0,0,0,0,0,0
62,Steve Carlton\carltst01,25,STL,6,34,33,34,34,34,0,0,0,0,0,0,0,0,0,0,0
63,Don Carrithers\carrido01,20,SFG,1st,11,2,11,11,11,0,0,0,0,0,0,0,0,0,0,0
64,Clay Carroll\carrocl02,29,CIN,7,65,0,65,65,65,0,0,0,0,0,0,0,0,0,0,0
65,Rico Carty\cartyri01,30,ATL,7,136,133,136,133,0,0,0,0,0,0,133,0,0,133,3,0
66,Dave Cash\cashda01,22,PIT,2,64,53,64,55,0,0,0,55,0,0,0,0,0,0,5,6
67,Cesar Cedeno\cedence01,19,HOU,1st,90,89,90,90,0,0,0,0,0,0,0,75,17,90,1,0
68,Orlando Cepeda\cepedor01,32,ATL,13,148,147,148,148,0,0,148,0,0,0,0,0,0,0,1,0
69,Bill Champion\champbi01,22,PHI,2,7,1,7,7,7,0,0,0,0,0,0,0,0,0,0,0
70,Dean Chance\chancde01,29,NYM,10,3,0,3,3,3,0,0,0,0,0,0,0,0,0,0,0
71,Darrel Chaney\chaneda01,22,CIN,2,57,21,57,51,0,0,0,18,3,30,0,0,0,0,9,6
72,Bob Chlupsa\chlupbo01,24,STL,1st,14,0,14,14,14,0,0,0,0,0,0,0,0,0,0,0
73,Roberto Clemente\clemero01,35,PIT,16,108,102,108,104,0,0,0,0,0,0,0,0,104,104,4,1
74,Donn Clendenon\clenddo01,34,NYM,10,121,96,121,100,0,0,100,0,0,0,0,0,0,0,25,0
75,Reggie Cleveland\clevere01,22,STL,2,16,1,16,16,16,0,0,0,0,0,0,0,0,0,0,0
76,Ty Cline\clinety01,31,2TM,11,50,8,50,22,0,0,2,0,0,0,6,8,6,20,33,1
77,Gene Clines\clinege01,23,PIT,1st,31,3,31,7,0,0,0,0,0,0,2,2,3,7,22,3
78,Tony Cloninger\clonito01,29,CIN,10,30,18,30,30,30,0,0,0,0,0,0,0,0,0,0,0
79,Nate Colbert\colbena01,24,SDP,4,156,151,156,153,0,0,153,0,1,0,0,0,0,0,5,0
80,Jim Colborn\colboji01,24,CHC,2,34,5,34,34,34,0,0,0,0,0,0,0,0,0,0,0
81,Dick Colpaert\colpadi01,26,PIT,1st,8,0,8,8,8,0,0,0,0,0,0,0,0,0,0,0
82,Mike Compton\comptmi01,25,PHI,1st,47,38,47,46,0,46,0,0,0,0,0,0,0,0,1,2
83,Dave Concepcion\conceda01,22,CIN,1st,101,75,101,96,0,0,0,3,0,93,0,0,0,0,6,5
84,Ron Cook\cookro02,22,HOU,1st,43,7,43,41,41,0,0,0,0,0,0,0,0,0,0,2
85,Danny Coombs\coombda01,28,SDP,8,35,27,35,35,35,0,0,0,0,0,0,0,0,0,0,0
86,Mike Corkins\corkimi01,24,SDP,2,25,18,25,24,24,0,0,0,0,0,0,0,0,0,0,1
87,Pat Corrales\corrapa01,29,CIN,6,43,30,43,42,0,42,0,0,0,0,0,0,0,0,3,0
88,Jim Cosman\cosmaji01,27,CHC,3,1,0,1,1,1,0,0,0,0,0,0,0,0,0,0,0
89,Willie Crawford\crawfwi01,23,LAD,7,109,75,109,94,0,0,0,0,0,0,35,5,64,94,20,4
90,Ed Crosby\crosbed01,21,STL,1st,38,21,38,38,0,0,0,1,3,36,0,0,0,0,2,1
91,Jose Cruz\cruzjo01,22,STL,1st,6,4,6,4,0,0,0,0,0,0,0,0,4,4,2,0
92,George Culver\culvege01,26,2TM,5,43,7,43,43,43,0,0,0,0,0,0,0,0,0,0,0
93,John Cumberland\cumbejo01,23,SFG,3,7,0,7,7,7,0,0,0,0,0,0,0,0,0,0,0
94,Bruce Dal Canton\dalcabr01,29,PIT,4,41,6,41,41,41,0,0,0,0,0,0,0,0,0,0,0
95,Vic Davalillo\davalvi01,30,STL,8,111,23,111,55,0,0,0,0,0,0,12,34,13,55,74,2
96,Jerry DaVanon\davanje01,24,STL,2,11,4,11,8,0,0,0,3,5,0,0,0,0,0,3,1
97,Jim Davenport\davenji01,36,SFG,13,22,6,22,10,0,0,0,0,10,0,0,0,0,0,14,0
98,Brock Davis\davisbr02,26,CHC,4,6,0,6,1,0,0,0,0,0,0,0,1,0,1,3,3
99,Tommy Davis\davisto02,31,2TM,12,68,61,68,63,0,0,0,0,0,0,63,0,0,63,7,0
100,Willie Davis\daviswi02,30,LAD,11,146,139,146,143,0,0,0,0,0,0,0,139,4,143,4,0
101,Mike Davison\davismi01,24,SFG,2,31,0,31,31,31,0,0,0,0,0,0,0,0,0,0,0
102,Boots Day\daybo01,22,2TM,2,52,26,52,41,0,0,0,0,0,0,5,36,0,41,14,7
103,Tommy Dean\deanto01,24,SDP,3,61,53,61,55,0,0,0,0,0,55,0,0,0,0,1,5
104,Joe Decker\deckejo01,23,CHC,2,24,17,24,24,24,0,0,0,0,0,0,0,0,0,0,0
105,Bob Didier\didiebo01,21,ATL,2,57,48,57,57,0,57,0,0,0,0,0,0,0,0,0,0
106,Larry Dierker\dierkla01,23,HOU,7,37,36,37,37,37,0,0,0,0,0,0,0,0,0,0,0
107,Dick Dietz\dietzdi01,28,SFG,5,148,137,148,139,0,139,0,0,0,0,0,0,0,0,11,0
108,Jack DiLauro\dilauja01,27,HOU,2,43,0,43,42,42,0,0,0,0,0,0,0,0,0,0,1
109,Bill Dillman\dillmbi01,25,MON,2,18,0,18,18,18,0,0,0,0,0,0,0,0,0,0,0
110,Pat Dobson\dobsopa01,28,SDP,4,40,34,40,40,40,0,0,0,0,0,0,0,0,0,0,0
111,Denny Doyle\doylede01,26,PHI,1st,112,98,112,103,0,0,0,103,0,0,0,0,0,0,7,3
112,Paul Doyle\doylepa01,30,SDP,2,9,0,9,9,9,0,0,0,0,0,0,0,0,0,0,0
113,Frank Duffy\duffyfr01,23,CIN,1st,6,2,6,5,0,0,0,0,0,5,0,0,0,0,2,0
114,Tom Dukes\dukesto01,27,SDP,4,53,0,53,53,53,0,0,0,0,0,0,0,0,0,0,0
115,Jim Dunegan\dunegji01,22,CHC,1st,10,0,10,7,7,0,0,0,0,0,0,0,0,0,0,4
116,Duffy Dyer\dyerdu01,24,NYM,3,59,41,59,57,0,57,0,0,0,0,0,0,0,0,3,0
117,Doc Edwards\edwardo01,33,PHI,5,35,23,35,34,0,34,0,0,0,0,0,0,0,0,1,0
118,Johnny Edwards\edwarjo01,32,HOU,10,140,134,140,139,0,139,0,0,0,0,0,0,0,0,3,0
119,Dock Ellis\ellisdo01,25,PIT,3,38,30,38,30,30,0,0,0,0,0,0,0,0,0,0,8
120,Darrell Evans\evansda01,23,ATL,2,12,12,12,12,0,0,0,0,12,0,0,0,0,0,0,0
121,Jim Fairey\faireji01,25,MON,3,92,47,92,59,0,0,0,0,0,0,33,30,4,59,41,0
122,Ron Fairly\fairlro01,31,MON,13,119,105,119,118,0,0,118,0,0,0,2,2,0,4,8,0
123,Bill Faul\faulbi01,30,SFG,6,7,0,7,7,7,0,0,0,0,0,0,0,0,0,0,0
124,Joe Ferguson\fergujo01,23,LAD,1st,5,0,5,3,0,3,0,0,0,0,0,0,0,0,2,0
125,Al Ferrara\ferraal01,30,SDP,7,138,94,138,96,0,0,0,0,0,0,96,0,0,96,44,0
126,Tim Foli\foliti01,19,NYM,1st,5,2,5,4,0,0,0,0,2,2,0,0,0,0,1,0
127,Rich Folkers\folkeri01,23,NYM,1st,16,1,16,16,16,0,0,0,0,0,0,0,0,0,0,0
128,Ken Forsch\forscke01,23,HOU,1st,4,4,4,4,4,0,0,0,0,0,0,0,0,0,0,0
129,Alan Foster\fosteal01,23,LAD,4,33,33,33,33,33,0,0,0,0,0,0,0,0,0,0,0
130,George Foster\fostege01,21,SFG,2,9,5,9,7,0,0,0,0,0,0,6,0,1,7,2,0
131,Joe Foy\foyjo01,27,NYM,5,99,94,99,97,0,0,0,0,97,0,0,0,0,0,4,0
132,Danny Frisella\friseda01,24,NYM,4,30,1,30,30,30,0,0,0,0,0,0,0,0,0,0,0
133,Woodie Fryman\frymawo01,30,PHI,5,27,20,27,27,27,0,0,0,0,0,0,0,0,0,0,0
134,Tito Fuentes\fuentti01,26,SFG,5,123,110,123,116,0,0,0,78,24,36,0,0,0,0,7,4
135,Len Gabrielson\gabrile02,30,LAD,9,43,0,43,3,0,0,1,0,0,0,2,0,0,2,40,0
136,Phil Gagliano\gagliph01,28,2TM,8,44,15,44,29,0,0,4,18,7,0,0,0,0,0,17,0
137,Al Gallagher\gallaal01,24,SFG,1st,109,64,109,91,0,0,0,0,91,0,0,0,0,0,21,1
138,Oscar Gamble\gamblos01,20,PHI,2,88,71,88,74,0,0,0,0,0,0,0,47,28,74,16,0
139,Gene Garber\garbege01,22,PIT,2,14,0,14,14,14,0,0,0,0,0,0,0,0,0,0,0
140,Ralph Garr\garrra01,24,ATL,3,37,19,37,21,0,0,0,0,0,0,1,8,12,21,11,6
141,Adrian Garrett\garread01,27,CHC,2,3,0,3,0,0,0,0,0,0,0,0,0,0,0,3,0
142,Wayne Garrett\garrewa01,22,NYM,2,114,101,114,110,0,0,0,43,72,1,0,0,0,0,9,0
143,Gil Garrido\garrigi01,29,ATL,4,101,97,101,100,0,0,0,26,0,80,0,0,0,0,1,0
144,Steve Garvey\garvest01,21,LAD,2,34,22,34,27,0,0,0,1,27,0,0,0,0,0,10,0
145,Rod Gaspar\gasparo01,24,NYM,2,11,3,11,8,0,0,0,0,0,0,0,4,5,8,1,4
146,Cito Gaston\gastoci01,26,SDP,3,146,142,146,142,0,0,0,0,0,0,1,142,0,142,4,0
147,Aubrey Gatewood\gatewau01,31,ATL,4,3,0,3,3,3,0,0,0,0,0,0,0,0,0,0,0
148,Gary Geiger\geigega01,33,HOU,12,5,0,5,2,0,0,0,0,0,0,2,0,0,2,3,0
149,Gary Gentry\gentrga01,23,NYM,2,32,29,32,32,32,0,0,0,0,0,0,0,0,0,0,0
150,Cesar Geronimo\geronce01,22,HOU,2,47,4,47,26,0,0,0,0,0,0,12,5,10,26,14,16
151,Joe Gibbon\gibbojo01,35,PIT,11,41,0,41,41,41,0,0,0,0,0,0,0,0,0,0,0
152,Bob Gibson\gibsobo01,34,STL,12,40,34,40,34,34,0,0,0,0,0,0,0,0,0,5,1
153,Russ Gibson\gibsoru01,31,SFG,4,24,18,24,23,0,23,0,0,0,0,0,0,0,0,1,0
154,Dave Giusti\giustda01,30,PIT,8,66,1,66,66,66,0,0,0,0,0,0,0,0,0,0,0
155,Fred Gladding\gladdfr01,34,HOU,10,63,0,63,63,63,0,0,0,0,0,0,0,0,0,0,0
156,Tony Gonzalez\gonzato01,33,ATL,11,123,111,123,119,0,0,0,0,0,0,4,115,0,119,7,1
157,Ed Goodson\goodsed01,22,SFG,1st,7,2,7,2,0,0,2,0,0,0,0,0,0,0,5,0
158,Jim Gosger\gosgeji01,27,MON,7,91,69,91,87,0,0,19,0,0,0,20,50,5,71,14,0
159,Billy Grabarkewitz\grababi01,24,LAD,2,156,150,156,152,0,0,0,20,97,50,0,0,0,0,3,2
160,Wayne Granger\grangwa01,26,CIN,3,67,0,67,67,67,0,0,0,0,0,1,0,0,1,0,0
161,Mudcat Grant\grantmu01,34,PIT,13,8,0,8,8,8,0,0,0,0,0,0,0,0,0,0,0
162,Tom Griffin\griffto02,22,HOU,2,23,20,23,23,23,0,0,0,0,0,0,0,0,0,0,0
163,Jerry Grote\groteje01,27,NYM,7,126,121,126,125,0,125,0,0,0,0,0,0,0,0,1,0
164,Don Gullett\gulledo01,19,CIN,1st,44,2,44,44,44,0,0,0,0,0,0,0,0,0,0,0
165,Larry Gura\gurala01,22,CHC,1st,20,3,20,20,20,0,0,0,0,0,0,0,0,0,0,0
166,Santiago Guzman\guzmasa01,20,STL,2,8,3,8,8,8,0,0,0,0,0,0,0,0,0,0,0
167,Joe Hague\haguejo01,26,STL,3,139,116,139,126,0,0,82,0,0,0,6,0,47,52,19,0
168,Don Hahn\hahndo01,21,MON,2,82,40,82,62,0,0,0,0,0,0,43,16,8,62,27,8
169,Jimmie Hall\hallji02,32,2TM,8,67,11,67,36,0,0,0,0,0,0,21,8,8,36,30,9
170,Tom Haller\halleto01,33,LAD,10,112,91,112,106,0,106,0,0,0,0,0,0,0,0,14,0
171,Bill Hands\handsbi01,30,CHC,6,39,38,39,39,39,0,0,0,0,0,0,0,0,0,0,0
172,Terry Harmon\harmote01,26,PHI,3,71,29,71,51,0,0,0,14,2,35,0,0,0,0,15,11
173,Bud Harrelson\harrebu01,26,NYM,6,157,155,157,156,0,0,0,0,0,156,0,0,0,0,2,0
174,Buddy Harris\harribu03,21,HOU,1st,2,0,2,2,2,0,0,0,0,0,0,0,0,0,0,0
175,Jim Ray Hart\hartji01,28,SFG,8,76,70,76,71,0,0,0,0,55,0,19,0,0,19,5,0
176,Chuck Hartenstein\hartech01,28,2TM,6,23,0,23,23,23,0,0,0,0,0,0,0,0,0,0,0
177,Richie Hebner\hebneri01,22,PIT,3,120,108,120,117,0,0,0,0,117,0,0,0,0,0,8,1
178,Bob Heise\heisebo01,23,SFG,4,67,35,67,63,0,0,0,28,2,34,0,0,0,0,8,5
179,Tommy Helms\helmsto01,29,CIN,7,150,147,150,148,0,0,0,148,0,12,0,0,0,0,2,0
180,Ken Henderson\hendeke01,24,SFG,6,148,143,148,146,0,0,0,0,0,0,109,26,39,146,4,0
181,Ron Herbel\herbero01,32,2TM,8,76,1,76,76,76,0,0,0,0,0,0,0,0,0,0,0
182,Remy Hermoso\hermore01,22,MON,3,4,0,4,2,0,0,0,1,1,0,0,0,0,0,1,3
183,Jose Herrera\herrejo01,28,MON,4,1,0,1,0,0,0,0,0,0,0,0,0,0,0,1,0
184,Jack Hiatt\hiattja01,27,2TM,7,83,68,83,79,0,75,4,0,0,0,0,0,0,0,8,0
185,Jim Hickman\hickmji02,33,CHC,9,149,146,149,146,0,0,74,0,0,0,2,53,28,79,3,0
186,Tom Hilgendorf\hilgeto01,28,STL,2,23,0,23,23,23,0,0,0,0,0,0,0,0,0,0,0
187,Larry Hisle\hislela01,23,PHI,3,126,114,126,121,0,0,0,0,0,0,0,85,37,121,4,5
188,Joe Hoerner\hoernjo01,33,PHI,7,44,0,44,44,44,0,0,0,0,0,0,0,0,0,0,0
189,Ken Holtzman\holtzke01,24,CHC,6,40,38,40,39,39,0,0,0,0,0,0,0,0,0,1,0
190,Charlie Hough\houghch01,22,LAD,1st,8,0,8,8,8,0,0,0,0,0,0,0,0,0,0,0
191,Larry Howard\howarla01,25,HOU,1st,31,22,31,28,0,26,2,0,0,0,1,0,0,1,5,0
192,Al Hrabosky\hraboal01,20,STL,1st,16,1,16,16,16,0,0,0,0,0,0,0,0,0,0,0
193,Terry Hughes\hughete01,21,CHC,1st,2,0,2,1,0,0,0,0,1,0,1,0,0,1,1,0
194,Randy Hundley\hundlra01,28,CHC,7,73,70,73,73,0,73,0,0,0,0,0,0,0,0,0,0
195,Ron Hunt\huntro01,29,SFG,8,117,89,117,100,0,0,0,85,16,0,0,0,0,0,26,0
196,Steve Huntz\huntzst01,24,SDP,3,106,92,106,96,0,0,0,0,54,58,0,0,0,0,14,0
197,Jim Hutto\huttoji01,22,PHI,1st,57,14,57,36,0,5,12,0,1,0,16,0,6,22,28,0
198,Grant Jackson\jacksgr01,27,PHI,6,52,23,52,32,32,0,0,0,0,0,0,0,0,0,0,20
199,Mike Jackson\jacksmi01,24,PHI,1st,5,0,5,5,5,0,0,0,0,0,0,0,0,0,0,0
200,Sonny Jackson\jacksso01,25,ATL,8,103,78,103,87,0,0,0,0,0,87,0,0,0,0,8,12
201,Cleo James\jamescl01,29,CHC,2,100,48,100,90,0,0,0,0,0,0,6,83,1,90,6,17
202,Pat Jarvis\jarvipa01,29,ATL,5,36,34,36,36,36,0,0,0,0,0,0,0,0,0,0,0
203,Larry Jaster\jastela01,26,ATL,6,14,0,14,14,14,0,0,0,0,0,0,0,0,0,0,0
204,Julian Javier\javieju01,33,STL,11,139,129,139,137,0,0,0,137,0,0,0,0,0,0,4,1
205,Fergie Jenkins\jenkife01,27,CHC,6,40,39,40,40,40,0,0,0,0,0,0,0,0,0,0,0
206,Johnny Jeter\jeterjo01,25,PIT,2,85,23,85,57,0,0,0,0,0,0,36,10,11,57,19,25
207,Deron Johnson\johnsde01,31,PHI,10,159,152,159,154,0,0,154,0,3,0,0,0,0,0,6,0
208,Frank Johnson\johnsfr03,27,SFG,5,67,36,67,54,0,0,27,0,0,0,30,0,4,33,14,3
209,Jerry Johnson\johnsje01,26,2TM,3,40,1,40,40,40,0,0,0,0,0,0,0,0,0,0,0
210,Jim Johnson\johnsji03,24,SFG,1st,3,0,3,3,3,0,0,0,0,0,0,0,0,0,0,0
211,Ken Johnson\johnske02,37,MON,13,3,0,3,3,3,0,0,0,0,0,0,0,0,0,0,0
212,Cleon Jones\jonescl01,27,NYM,7,134,128,134,130,0,0,0,0,0,0,128,5,0,130,5,1
213,Mack Jones\jonesma01,31,MON,9,108,70,108,87,0,0,0,0,0,0,85,2,0,87,38,0
214,Mike Jorgensen\jorgemi01,21,NYM,2,76,15,76,59,0,0,50,0,0,0,0,10,0,10,18,10
215,Rick Joseph\josepri01,30,PHI,5,71,20,71,28,0,0,10,0,10,0,12,0,0,12,43,0
216,Von Joshua\joshuvo01,22,LAD,2,72,19,72,41,0,0,0,0,0,0,21,11,16,41,22,16
217,Van Kelly\kellyva01,24,SDP,2,38,21,38,28,0,0,0,1,27,0,0,0,0,0,15,1
218,Fred Kendall\kendafr01,21,SDP,2,4,2,4,3,0,2,1,0,0,0,1,0,0,1,1,0
219,Jim Kennedy\kenneji01,23,STL,1st,12,6,12,12,0,0,0,5,0,7,0,0,0,0,1,0
220,Don Kessinger\kessido01,27,CHC,7,154,152,154,154,0,0,0,0,0,154,0,0,0,0,1,0
221,Rick Kester\kesteri01,23,ATL,3,15,0,15,15,15,0,0,0,0,0,0,0,0,0,0,0
222,Hal King\kingha01,26,ATL,3,89,51,89,62,0,62,0,0,0,0,0,0,0,0,30,0
223,Clay Kirby\kirbycl01,22,SDP,2,36,34,36,36,36,0,0,0,0,0,0,0,0,0,0,0
224,Ron Kline\klinero01,38,ATL,17,5,0,5,5,5,0,0,0,0,0,0,0,0,0,0,0
225,Cal Koonce\kooncca01,29,NYM,9,13,0,13,13,13,0,0,0,0,0,0,0,0,0,0,0
226,Jerry Koosman\koosmje01,27,NYM,4,30,29,30,30,30,0,0,0,0,0,0,0,0,0,0,0
227,George Kopacz\kopacge01,29,PIT,2,10,2,10,3,0,0,3,0,0,0,0,0,0,0,8,0
228,Andy Kosco\koscoan01,28,LAD,6,74,53,74,58,0,0,0,0,0,0,4,0,55,58,19,0
229,Ed Kranepool\kraneed01,25,NYM,9,43,5,43,8,0,0,8,0,0,0,0,0,0,0,36,0
230,Coco Laboy\laboyco01,29,MON,2,137,115,137,132,0,0,0,3,132,0,0,0,0,0,7,0
231,John Lamb\lambjo01,23,PIT,1st,23,0,23,23,23,0,0,0,0,0,0,0,0,0,0,0
232,Ray Lamb\lambra01,25,LAD,2,35,0,35,35,35,0,0,0,0,0,0,0,0,0,0,0
233,Keith Lampard\lampake01,24,HOU,2,53,6,53,18,0,0,2,0,0,0,13,0,4,16,43,0
234,Hal Lanier\lanieha01,27,SFG,7,134,127,134,134,0,0,2,4,0,130,0,0,0,0,0,0
235,Bill Laxton\laxtobi01,22,PHI,1st,2,0,2,2,2,0,0,0,0,0,0,0,0,0,0,0
236,Leron Lee\leele02,22,STL,2,121,58,121,77,0,0,0,0,0,0,1,0,76,77,46,0
237,Jim Lefebvre\lefebji01,28,LAD,6,109,76,109,88,0,0,1,70,21,0,0,0,0,0,24,0
238,Denny Lemaster\lemasde01,31,HOU,9,39,21,39,39,39,0,0,0,0,0,0,0,0,0,0,0
239,Barry Lersch\lerscba01,25,PHI,2,42,11,42,42,42,0,0,0,0,0,0,0,0,0,0,0
240,Frank Linzy\linzyfr01,29,2TM,7,67,0,67,67,67,0,0,0,0,0,0,0,0,0,0,0
241,Joe Lis\lisjo01,23,PHI,1st,13,9,13,9,0,0,0,0,0,0,9,0,0,9,4,0
242,Mike Lum\lummi01,24,ATL,4,123,64,123,98,0,0,0,0,0,0,35,34,35,98,33,3
243,Greg Luzinski\luzingr01,19,PHI,1st,8,3,8,3,0,0,3,0,0,0,0,0,0,0,5,0
244,Jim Maloney\malonji01,30,CIN,11,7,3,7,7,7,0,0,0,0,0,0,0,0,0,0,0
245,Juan Marichal\maricju01,32,SFG,11,34,33,34,34,34,0,0,0,0,0,0,0,0,0,0,0
246,Lou Marone\maronlo01,24,PIT,2,1,0,1,1,1,0,0,0,0,0,0,0,0,0,0,0
247,Dave Marshall\marshda01,27,NYM,4,92,39,92,43,0,0,0,0,0,0,12,0,33,43,50,1
248,Mike Marshall\marshmi01,27,2TM,3,28,5,28,28,28,0,0,0,0,0,0,0,0,0,0,0
249,J.C. Martin\martij.01,33,CHC,12,40,26,40,39,0,36,3,0,0,0,0,0,0,0,4,0
250,Jose Martinez\martijo04,27,PIT,2,19,4,19,12,0,0,0,4,7,1,0,0,0,0,4,5
251,Marty Martinez\martima01,28,HOU,5,75,25,75,50,0,6,0,4,10,30,0,0,0,0,39,0
252,Ted Martinez\martite01,22,NYM,1st,4,4,4,4,0,0,0,4,0,1,0,0,0,0,0,0
253,Clyde Mashore\mashocl01,25,MON,2,13,6,13,10,0,0,0,0,0,0,2,8,0,10,5,0
254,Don Mason\masondo01,25,SFG,5,46,2,46,14,0,0,0,14,0,0,0,0,0,0,23,16
255,Dal Maxvill\maxvida01,31,STL,9,152,135,152,152,0,0,0,27,0,133,0,0,0,0,0,1
256,Jerry May\mayje01,26,PIT,7,51,39,51,45,0,45,0,0,0,0,0,0,0,0,7,0
257,Lee May\mayle01,27,CIN,6,153,153,153,153,0,0,153,0,0,0,0,0,0,0,0,0
258,Milt May\maymi01,19,PIT,1st,5,0,5,0,0,0,0,0,0,0,0,0,0,0,5,0
259,John Mayberry\maybejo01,21,HOU,3,50,38,50,45,0,0,45,0,0,0,0,0,0,0,6,0
260,Willie Mays\mayswi01,39,SFG,19,139,121,139,132,0,0,5,0,0,0,0,128,0,128,13,0
261,Bill Mazeroski\mazerbi01,33,PIT,15,112,99,112,102,0,0,0,102,0,0,0,0,0,0,10,0
262,Jim McAndrew\mcandji01,26,NYM,3,32,27,32,32,32,0,0,0,0,0,0,0,0,0,0,0
263,Al McBean\mcbeaal01,32,2TM,10,8,0,8,8,8,0,0,0,0,0,0,0,0,0,0,0
264,Tim McCarver\mccarti01,28,PHI,11,44,44,44,44,0,44,0,0,0,0,0,0,0,0,0,0
265,Billy McCool\mccoobi01,25,STL,7,18,0,18,18,18,0,0,0,0,0,0,0,0,0,0,0
266,Mike McCormick\mccormi03,31,SFG,15,23,11,23,23,23,0,0,0,0,0,0,0,0,0,0,0
267,Willie McCovey\mccovwi01,32,SFG,12,152,146,152,146,0,0,146,0,0,0,0,0,0,0,6,0
268,Leon McFadden\mcfadle01,26,HOU,3,2,0,2,0,0,0,0,0,0,0,0,0,0,0,0,2
269,Dan McGinn\mcginda01,26,MON,3,52,19,52,52,52,0,0,0,0,0,0,0,0,0,0,0
270,Jim McGlothlin\mcgloji01,26,CIN,6,35,34,35,35,35,0,0,0,0,0,0,0,0,0,0,0
271,Tug McGraw\mcgratu01,25,NYM,5,57,0,57,57,57,0,0,0,0,0,0,0,0,0,0,0
272,Don McMahon\mcmahdo02,40,SFG,14,61,0,61,61,61,0,0,0,0,0,0,0,0,0,0,0
273,Mike McQueen\mcquemi01,19,ATL,2,22,8,22,22,22,0,0,0,0,0,0,0,0,0,0,0
274,Hal McRae\mcraeha01,24,CIN,2,70,44,70,54,0,0,0,1,6,0,46,0,1,47,21,0
275,Luis Melendez\melenlu01,20,STL,1st,21,15,21,18,0,0,0,0,0,0,0,5,13,18,3,1
276,Denis Menke\menkede01,29,HOU,9,154,153,154,154,0,0,5,21,5,133,1,0,2,3,1,0
277,Jim Merritt\merriji01,26,CIN,6,35,35,35,35,35,0,0,0,0,0,0,0,0,0,0,0
278,Roger Metzger\metzgro01,22,CHC,1st,1,1,1,1,0,0,0,0,0,1,0,0,0,0,0,0
279,Pete Mikkelsen\mikkepe01,30,LAD,7,33,0,33,33,33,0,0,0,0,0,0,0,0,0,0,0
280,Felix Millan\millafe01,26,ATL,5,142,142,142,142,0,0,0,142,0,0,0,0,0,0,0,0
281,Bob Miller\millebo04,31,CHC,13,7,1,7,7,7,0,0,0,0,0,0,0,0,0,0,0
282,Norm Miller\milleno01,24,HOU,6,90,53,90,72,0,1,0,0,0,0,4,4,67,72,24,3
283,Joe Moeller\moelljo01,27,LAD,7,31,19,31,31,31,0,0,0,0,0,0,0,0,0,0,0
284,Don Money\moneydo01,23,PHI,3,120,119,120,119,0,0,0,0,119,2,0,0,0,0,1,0
285,Willie Montanez\montawi01,22,PHI,2,18,3,18,14,0,0,5,0,0,0,1,0,9,10,7,0
286,Balor Moore\mooreba02,19,MON,1st,6,2,6,6,6,0,0,0,0,0,0,0,0,0,0,0
287,Gary Moore\moorega01,25,LAD,1st,7,3,7,6,0,0,1,0,0,0,0,0,5,5,2,0
288,Bob Moose\moosebo01,22,PIT,4,29,27,29,28,28,0,0,0,0,0,0,0,0,0,0,1
289,Jerry Morales\moralje01,21,SDP,2,28,14,28,26,0,0,0,0,0,0,23,0,3,26,2,4
290,Joe Morgan\morgajo02,26,HOU,8,144,141,144,142,0,0,0,142,0,0,0,0,0,0,3,0
291,Carl Morton\mortoca01,26,MON,2,43,37,43,43,43,0,0,0,0,0,0,0,0,0,0,0
292,Manny Mota\motama01,32,LAD,9,124,99,124,112,0,0,0,0,1,0,108,1,5,111,19,0
293,Ivan Murrell\murreiv01,27,SDP,6,125,79,125,103,0,0,1,0,0,0,61,24,21,102,24,9
294,Jim Nash\nashji01,25,ATL,5,34,33,34,34,34,0,0,0,0,0,0,0,0,0,0,0
295,Julio Navarro\navarju01,36,ATL,6,17,0,17,17,17,0,0,0,0,0,0,0,0,0,0,0
296,Gary Neibauer\neibaga01,25,ATL,2,7,0,7,7,7,0,0,0,0,0,0,0,0,0,0,0
297,Jim Nelson\nelsoji01,22,PIT,1st,15,10,15,15,15,0,0,0,0,0,0,0,0,0,0,0
298,Phil Niekro\niekrph01,31,ATL,7,34,32,34,34,34,0,0,0,0,0,0,0,0,0,0,0
299,Gary Nolan\nolanga01,22,CIN,4,37,37,37,37,37,0,0,0,0,0,0,0,0,0,0,0
300,John Noriega\noriejo01,26,CIN,2,8,0,8,8,8,0,0,0,0,0,0,0,0,0,0,0
301,Fred Norman\normafr01,27,2TM,6,31,0,31,31,31,0,0,0,0,0,0,0,0,0,0,0
302,Joe Nossek\nossejo01,29,STL,6,1,0,1,0,0,0,0,0,0,0,0,0,0,0,1,0
303,Rich Nye\nyeri01,25,2TM,5,16,6,16,14,14,0,0,0,0,0,0,0,0,0,0,2
304,Jerry Nyman\nymanje01,27,SDP,3,3,2,3,2,2,0,0,0,0,0,0,0,0,0,0,1
305,John O'Donoghue\o'donjo02,30,MON,8,9,3,9,9,9,0,0,0,0,0,0,0,0,0,0,0
306,Al Oliver\oliveal01,23,PIT,3,151,143,151,146,0,0,77,0,0,0,28,0,54,80,5,0
307,Dan Osinski\osinsda01,36,HOU,8,3,0,3,3,3,0,0,0,0,0,0,0,0,0,0,0
308,Claude Osteen\osteecl01,30,LAD,13,39,37,39,37,37,0,0,0,0,0,0,0,0,0,0,2
309,Tom Paciorek\pacioto01,23,LAD,1st,8,1,8,3,0,0,0,0,0,0,1,0,2,3,6,1
310,Jose Pagan\paganjo01,35,PIT,12,95,49,95,57,0,0,1,1,53,0,1,0,3,4,42,0
311,Lowell Palmer\palmelo01,22,PHI,2,38,5,38,38,38,0,0,0,0,0,0,0,0,0,0,0
312,Milt Pappas\pappami01,31,2TM,14,32,23,32,32,32,0,0,0,0,0,0,0,0,0,0,0
313,Harry Parker\parkeha01,22,STL,1st,7,4,7,7,7,0,0,0,0,0,0,0,0,0,0,0
314,Wes Parker\parkewe01,30,LAD,7,161,161,161,161,0,0,161,0,0,0,0,0,0,0,0,0
315,Sam Parrilla\parrisa01,27,PHI,1st,11,3,11,3,0,0,0,0,0,0,3,0,0,3,8,0
316,Camilo Pascual\pascuca02,36,LAD,17,10,0,10,10,10,0,0,0,0,0,0,0,0,0,0,0
317,Freddie Patek\patekfr01,25,PIT,3,84,57,84,65,0,0,0,0,0,65,0,0,0,0,13,7
318,Jose Pena\penajo01,27,LAD,2,29,0,29,29,29,0,0,0,0,0,0,0,0,0,0,0
319,Orlando Pena\penaor01,36,PIT,10,23,0,23,23,23,0,0,0,0,0,0,0,0,0,0,0
320,Joe Pepitone\pepitjo01,29,2TM,9,131,125,131,128,0,0,63,0,0,0,15,59,13,84,3,1
321,Tony Perez\perezto01,28,CIN,7,158,157,158,157,0,0,8,0,153,0,0,0,0,0,1,0
322,Gaylord Perry\perryga01,31,SFG,9,41,41,41,41,41,0,0,0,0,0,0,0,0,0,0,0
323,Adolfo Phillips\phillad01,28,MON,7,92,52,92,75,0,0,0,0,0,0,6,71,0,75,25,10
324,Skip Pitlock\pitlosk01,22,SFG,1st,18,15,18,18,18,0,0,0,0,0,0,0,0,0,0,0
325,Juan Pizarro\pizarju01,33,CHC,14,12,0,12,12,12,0,0,0,0,0,0,0,0,0,0,0
326,Bill Plummer\plummbi01,23,CIN,2,4,2,4,4,0,4,0,0,0,0,0,0,0,0,0,0
327,Paul Popovich\popovpa01,29,CHC,6,78,37,78,52,0,0,0,22,17,16,0,0,0,0,28,0
328,Bob Priddy\priddbo01,30,ATL,8,41,0,41,41,41,0,0,0,0,0,0,0,0,0,0,0
329,Migel Puente\puentmi01,22,SFG,1st,6,4,6,6,6,0,0,0,0,0,0,0,0,0,0,0
330,Jim Qualls\quallji01,23,MON,2,9,1,9,4,0,0,0,2,0,0,1,1,0,2,5,2
331,Doug Rader\raderdo02,25,HOU,4,156,154,156,154,0,0,1,0,154,0,0,0,0,0,2,0
332,Milt Ramirez\ramirmi01,20,STL,1st,62,23,62,59,0,0,0,0,1,59,0,0,0,0,2,6
333,Jim Ray\rayji01,25,HOU,5,52,2,52,52,52,0,0,0,0,0,0,0,0,0,0,0
334,Claude Raymond\raymocl01,33,MON,11,59,0,59,59,59,0,0,0,0,0,0,0,0,0,0,0
335,Frank Reberger\reberfr01,26,SFG,3,48,18,48,45,45,0,0,0,0,0,0,0,0,0,0,3
336,Howie Reed\reedho01,33,MON,9,57,1,57,57,57,0,0,0,0,0,0,0,0,0,0,0
337,Ron Reed\reedro01,27,ATL,5,22,18,22,21,21,0,0,0,0,0,0,0,0,0,0,1
338,Phil Regan\reganph01,33,CHC,11,54,0,54,54,54,0,0,0,0,0,0,0,0,0,0,0
339,Scott Reid\reidsc01,23,PHI,2,25,11,25,18,0,0,0,0,0,0,3,12,5,18,6,1
340,Steve Renko\renkost01,25,MON,2,41,33,41,41,41,0,0,0,0,0,0,0,0,0,0,0
341,Jerry Reuss\reussje01,21,STL,2,20,20,20,20,20,0,0,0,0,0,0,0,0,0,0,0
342,Archie Reynolds\reynoar01,24,CHC,3,7,1,7,7,7,0,0,0,0,0,0,0,0,0,0,0
343,Ken Reynolds\reynoke01,23,PHI,1st,4,0,4,4,4,0,0,0,0,0,0,0,0,0,0,0
344,Dave Ricketts\rickeda01,34,PIT,6,14,0,14,7,0,7,0,0,0,0,0,0,0,0,7,0
345,Dave Roberts\roberda05,25,SDP,2,43,21,43,43,43,0,0,0,0,0,0,0,0,0,0,0
346,Bob Robertson\roberbo01,23,PIT,3,117,104,117,106,0,0,99,0,5,0,3,0,0,3,11,0
347,Rich Robertson\roberri01,25,SFG,5,41,26,41,41,41,0,0,0,0,0,0,0,0,0,0,0
348,Dave Robinson\robinda01,24,SDP,1st,15,9,15,13,0,0,0,0,0,0,11,2,0,13,2,1
349,Rafael Robles\roblera01,22,SDP,2,23,21,23,23,0,0,0,0,0,23,0,0,0,0,0,1
350,Roberto Rodriguez\rodriro01,29,2TM,2,36,0,36,36,36,0,0,0,0,0,0,0,0,0,0,0
351,Cookie Rojas\rojasco01,31,STL,9,23,11,23,15,0,0,0,10,0,2,3,0,0,3,10,0
352,Jorge Roque\roquejo01,20,STL,1st,5,0,5,1,0,0,0,0,0,0,1,0,0,1,2,3
353,Pete Rose\rosepe01,29,CIN,8,159,158,159,159,0,0,0,0,0,0,1,5,155,159,1,0
354,Gary Ross\rossga01,22,SDP,3,33,2,33,33,33,0,0,0,0,0,0,0,0,0,0,0
355,Ken Rudolph\rudolke01,23,CHC,2,20,9,20,16,0,16,0,0,0,0,0,0,0,0,4,1
356,Bill Russell\russebi01,21,LAD,2,81,67,81,80,0,0,0,0,0,1,1,24,57,79,7,0
357,Mike Ryan\ryanmi02,28,PHI,7,46,42,46,46,0,46,0,0,0,0,0,0,0,0,0,0
358,Nolan Ryan\ryanno01,23,NYM,4,27,19,27,27,27,0,0,0,0,0,0,0,0,0,0,0
359,Ray Sadecki\sadecra01,29,NYM,11,28,19,28,28,28,0,0,0,0,0,0,0,0,0,0,0
360,Manny Sanguillen\sanguma01,26,PIT,3,128,123,128,125,0,125,0,0,0,0,0,0,0,0,3,0
361,Ron Santo\santoro01,30,CHC,11,154,152,154,152,0,0,0,0,152,0,1,0,0,1,2,0
362,Al Santorini\santoal01,22,SDP,3,21,12,21,21,21,0,0,0,0,0,0,0,0,0,0,0
363,Tom Seaver\seaveto01,25,NYM,4,42,36,42,37,37,0,0,0,0,0,0,0,0,0,1,4
364,Dick Selma\selmadi01,26,PHI,6,73,0,73,73,73,0,1,0,2,0,0,0,0,0,0,0
365,Carroll Sembera\sembeca01,28,MON,5,5,0,5,5,5,0,0,0,0,0,0,0,0,0,0,0
366,Art Shamsky\shamsar01,28,NYM,6,122,108,122,113,0,0,56,0,0,0,4,0,54,58,13,0
367,Mike Shannon\shannmi01,30,STL,9,55,45,55,51,0,0,0,0,51,0,0,0,0,0,5,1
368,Chris Short\shortch02,32,PHI,12,36,34,36,36,36,0,0,0,0,0,0,0,0,0,0,0
369,Ted Simmons\simmote01,20,STL,3,82,74,82,79,0,79,0,0,0,0,0,0,0,0,5,0
370,Wayne Simpson\simpswa01,21,CIN,1st,27,26,27,26,26,0,0,0,0,0,0,0,0,0,0,1
371,Bill Singer\singebi01,26,LAD,7,16,16,16,16,16,0,0,0,0,0,0,0,0,0,0,0
372,Ken Singleton\singlke01,23,NYM,1st,69,49,69,52,0,0,0,0,0,0,27,0,26,52,20,0
373,Ted Sizemore\sizemte01,25,LAD,2,96,89,96,92,0,0,0,86,0,2,8,0,1,9,3,1
374,Roe Skidmore\skidmro01,24,CHC,1st,1,0,1,0,0,0,0,0,0,0,0,0,0,0,1,0
375,Ron Slocum\slocuro01,24,SDP,2,60,16,60,53,0,20,0,8,11,17,0,0,0,0,2,24
376,Willie Smith\smithwi02,31,CHC,8,87,32,87,44,0,0,43,0,0,0,1,0,0,1,46,1
377,Al Spangler\spangal01,36,CHC,12,21,0,21,6,0,0,0,0,0,0,3,0,3,6,14,2
378,Joe Sparma\sparmjo01,28,MON,7,9,6,9,9,9,0,0,0,0,0,0,0,0,0,0,0
379,Ed Spiezio\spiezed01,28,SDP,7,110,83,110,94,0,0,0,0,94,0,0,0,0,0,25,0
380,Scipio Spinks\spinksc01,22,HOU,2,6,2,6,5,5,0,0,0,0,0,0,0,0,0,0,1
381,Marv Staehle\staehma01,28,MON,6,104,84,104,91,0,0,0,91,0,1,0,0,0,0,19,0
382,Larry Stahl\stahlla01,29,SDP,7,52,8,52,20,0,0,0,0,0,0,17,0,4,20,33,2
383,Leroy Stanton\stantle01,24,NYM,1st,4,1,4,1,0,0,0,0,0,0,0,1,0,1,3,0
384,Willie Stargell\stargwi01,30,PIT,9,136,122,136,125,0,0,1,0,0,0,122,0,3,125,13,0
385,Rusty Staub\staubru01,26,MON,8,160,156,160,160,0,0,0,0,0,0,0,0,160,160,3,0
386,Jerry Stephenson\stephje01,26,LAD,7,3,0,3,3,3,0,0,0,0,0,0,0,0,0,0,0
387,John Stephenson\stephjo02,29,SFG,7,23,7,23,10,0,9,0,0,0,0,1,0,0,1,15,0
388,Jimmy Stewart\stewaji01,31,CIN,7,101,10,101,71,0,1,1,18,9,0,42,2,4,48,43,9
389,Bob Stinson\stinsbo01,24,LAD,2,4,0,4,3,0,3,0,0,0,0,0,0,0,0,0,1
390,George Stone\stonege02,23,ATL,4,35,30,35,35,35,0,0,0,0,0,0,0,0,0,0,0
391,Ron Stone\stonero02,27,PHI,3,123,76,123,101,0,0,6,0,0,0,53,0,47,100,30,2
392,Bill Stoneman\stonebi01,26,MON,4,42,30,42,40,40,0,0,0,0,0,0,0,0,0,0,2
393,Mike Strahler\strahmi01,23,LAD,1st,6,0,6,6,6,0,0,0,0,0,0,0,0,0,0,0
394,John Strohmayer\strohjo01,23,MON,1st,42,0,42,42,42,0,0,0,0,0,0,0,0,0,0,0
395,Bill Sudakis\sudakbi01,24,LAD,3,94,64,94,75,0,38,1,0,37,0,3,0,0,3,26,1
396,Gary Sutherland\suthega01,25,MON,5,116,79,116,104,0,0,0,97,1,15,0,0,0,0,25,2
397,Don Sutton\suttodo01,25,LAD,5,40,38,40,38,38,0,0,0,0,0,0,0,0,0,0,2
398,Ron Swoboda\swoboro01,26,NYM,6,115,58,115,100,0,0,0,0,0,0,1,0,100,100,26,7
399,Bob Taylor\taylobo01,26,SFG,1st,63,14,63,27,0,1,0,0,0,0,23,0,4,26,36,3
400,Carl Taylor\tayloca01,26,STL,3,104,55,104,62,0,0,15,0,1,0,0,0,46,46,48,0
401,Chuck Taylor\tayloch02,28,STL,2,56,7,56,56,56,0,0,0,0,0,0,0,0,0,0,0
402,Ron Taylor\tayloro01,32,NYM,9,57,0,57,57,57,0,0,0,0,0,0,0,0,0,0,0
403,Tony Taylor\tayloto02,34,PHI,13,124,105,124,111,0,0,0,59,38,1,18,0,0,18,17,1
404,Bob Tillman\tillmbo01,33,ATL,9,71,63,71,70,0,70,0,0,0,0,0,0,0,0,1,0
405,Bobby Tolan\tolanbo01,24,CIN,6,152,146,152,150,0,0,0,0,0,0,0,150,0,150,5,0
406,Jeff Torborg\torboje01,28,LAD,7,64,39,64,63,0,63,0,0,0,0,0,0,0,0,2,0
407,Joe Torre\torrejo01,29,STL,11,161,161,161,161,0,90,1,0,73,0,0,0,0,0,0,0
408,Hector Torres\torrehe01,24,HOU,3,31,17,31,28,0,0,0,6,0,22,0,0,0,0,5,0
409,Mike Torrez\torremi01,23,STL,4,30,28,30,30,30,0,0,0,0,0,0,0,0,0,0,0
410,Sandy Vance\vancesa01,23,LAD,1st,20,18,20,20,20,0,0,0,0,0,0,0,0,0,0,0
411,Bob Veale\vealebo01,34,PIT,9,34,32,34,34,34,0,0,0,0,0,0,0,0,0,0,0
412,John Vukovich\vukovjo01,22,PHI,1st,3,3,3,3,0,0,0,0,1,2,0,0,0,0,0,0
413,Luke Walker\walkelu01,26,PIT,5,42,19,42,42,42,0,0,0,0,0,0,0,0,0,0,0
414,Jay Ward\wardja01,31,CIN,3,6,0,6,3,0,0,1,1,2,0,0,0,0,0,4,0
415,Ray Washburn\washbra01,32,CIN,10,35,3,35,35,35,0,0,0,0,0,0,0,0,0,0,0
416,Gary Waslewski\waslega01,28,MON,4,6,4,6,6,6,0,0,0,0,0,0,0,0,0,0,0
417,Bob Watson\watsobo01,24,HOU,5,97,82,97,84,0,6,83,0,0,0,1,0,0,1,14,0
418,Ramon Webster\webstra02,27,SDP,4,95,12,95,16,0,0,15,0,0,0,1,0,0,1,80,1
419,Mike Wegener\wegenmi01,23,MON,2,25,16,25,25,25,0,0,0,0,0,0,0,0,0,0,0
420,Al Weis\weisal01,32,NYM,9,75,37,75,58,0,0,0,44,0,15,0,0,0,0,2,17
421,Fred Wenz\wenzfr01,28,PHI,3,22,0,22,22,22,0,0,0,0,0,0,0,0,0,0,0
422,Steve Whitaker\whitast01,27,SFG,5,16,4,16,10,0,0,0,0,0,0,10,0,0,10,7,0
423,Fred Whitfield\whitffr01,32,MON,9,4,4,4,4,0,0,4,0,0,0,0,0,0,0,0,0
424,Milt Wilcox\wilcomi01,20,CIN,1st,5,2,5,5,5,0,0,0,0,0,0,0,0,0,0,0
425,Hoyt Wilhelm\wilheho01,47,2TM,19,53,0,53,53,53,0,0,0,0,0,0,0,0,0,0,0
426,Bernie Williams\willibe01,21,SFG,1st,7,4,7,6,0,0,0,0,0,0,6,0,0,6,1,1
427,Billy Williams\willibi01,32,CHC,12,161,159,161,160,0,0,0,0,0,0,154,0,10,160,1,0
428,Earl Williams\williea02,21,ATL,1st,10,4,10,7,0,0,4,0,3,0,0,0,0,0,4,0
429,Jim Williams\williji04,23,SDP,2,11,3,11,6,0,0,0,0,0,0,1,0,5,6,4,3
430,Ron Willis\williro01,26,SDP,5,42,0,42,42,42,0,0,0,0,0,0,0,0,0,0,0
431,Maury Wills\willsma01,37,LAD,12,132,124,132,128,0,0,0,0,5,126,0,0,0,0,5,0
432,Bill Wilson\wilsobi03,27,PHI,2,37,0,37,37,37,0,0,0,0,0,0,0,0,0,0,0
433,Don Wilson\wilsodo01,25,HOU,5,30,27,30,29,29,0,0,0,0,0,0,0,0,0,0,1
434,Earl Wilson\wilsoea01,35,SDP,11,15,9,15,15,15,0,0,0,0,0,0,0,0,0,0,0
435,Bobby Wine\winebo01,31,MON,10,159,154,159,159,0,0,0,0,0,159,0,0,0,0,1,0
436,Rick Wise\wiseri01,24,PHI,6,37,34,37,35,35,0,0,0,0,0,0,0,0,0,1,1
437,Woody Woodward\woodwwo01,27,CIN,8,100,76,100,99,0,0,2,10,20,77,0,0,0,0,3,4
438,Jim Wynn\wynnji01,28,HOU,8,157,149,157,151,0,0,0,0,0,0,66,87,0,151,7,0
439,Bart Zeller\zelleba01,28,STL,1st,1,0,1,1,0,1,0,0,0,0,0,0,0,0,0,0