Rk,Name,Age,Tm,Yrs,G,GS,Batting,Defense,P,C,1B,2B,3B,SS,LF,CF,RF,OF,PH,PR
1,Cy Acosta\acostcy01,28,PHI,4,6,0,6,6,6,0,0,0,0,0,0,0,0,0,0,0
2,Glenn Adams\adamsgl01,27,SFG,1st,61,14,61,26,0,0,0,0,0,0,18,0,8,26,38,0
3,Gary Alexander\alexaga01,22,SFG,1st,3,1,3,2,0,2,0,0,0,0,0,0,0,0,1,0
4,Dick Allen\allendi01,33,PHI,13,119,112,119,113,0,0,113,0,0,0,0,0,0,0,6,0
5,Bill Almon\almonbi01,22,SDP,2,6,2,6,2,0,0,0,0,0,2,0,0,0,0,1,3
6,Jesus Alou\alouje01,33,NYM,13,62,15,62,20,0,0,0,0,0,0,15,0,5,20,44,0
7,Orlando Alvarez\alvaror01,23,LAD,3,4,0,4,0,0,0,0,0,0,0,0,0,0,0,4,0
8,Mike Anderson\andermi01,24,PHI,5,115,62,115,108,0,0,3,0,0,0,0,31,85,107,16,8
9,Rob Andrews\andrero01,22,HOU,1st,103,85,103,98,0,0,0,94,0,7,0,0,0,0,6,7
10,Bob Apodaca\apodabo01,25,NYM,3,46,0,46,46,46,0,0,0,0,0,0,0,0,0,0,0
11,Ed Armbrister\armbred01,26,CIN,3,59,7,59,19,0,0,0,0,0,0,10,3,7,19,36,6
12,Chris Arnold\arnolch01,27,SFG,5,29,5,29,8,0,0,0,4,0,0,3,0,1,4,23,0
13,Rick Auerbach\auerbri01,25,LAD,5,85,53,85,83,0,0,0,1,2,80,0,0,0,0,0,12
14,Bob Bailey\bailebo01,32,MON,14,106,60,106,63,0,0,0,0,3,0,61,0,0,61,46,0
15,Dusty Baker\bakerdu01,26,ATL,8,142,134,142,136,0,0,0,0,0,0,0,14,126,136,7,0
16,Rick Baldwin\baldwri01,22,NYM,1st,54,0,54,54,54,0,0,0,0,0,0,0,0,0,0,0
17,Alan Bannister\bannial01,23,PHI,2,24,16,24,20,0,0,0,1,0,1,2,16,0,18,1,5
18,Mike Barlow\barlomi01,27,STL,1st,9,0,9,9,9,0,0,0,0,0,0,0,0,0,0,0
19,Jim Barr\barrji01,27,SFG,5,38,33,38,35,35,0,0,0,0,0,0,0,0,0,0,3
20,Rafael Batista\batisra01,29,HOU,2,10,0,10,0,0,0,0,0,0,0,0,0,0,0,10,0
21,Bob Beall\beallbo01,27,ATL,1st,20,6,20,8,0,0,8,0,0,0,0,0,0,0,10,2
22,Mike Beard\beardmi01,25,ATL,2,34,2,34,34,34,0,0,0,0,0,0,0,0,0,0,0
23,Glenn Beckert\beckegl01,34,SDP,11,9,4,9,4,0,0,0,0,4,0,0,0,0,0,5,0
24,Rob Belloir\belloro01,26,ATL,1st,43,34,43,39,0,0,0,0,0,39,0,0,0,0,3,1
25,Johnny Bench\benchjo01,27,CIN,9,142,136,142,138,0,121,9,0,0,0,16,0,3,19,6,0
26,Larry Biittner\biittla01,28,MON,6,121,86,121,93,0,0,0,0,0,0,35,4,55,93,33,0
27,Jack Billingham\billija01,32,CIN,8,33,32,33,33,33,0,0,0,0,0,0,0,0,0,0,0
28,Dick Billings\billidi01,32,STL,8,3,0,3,0,0,0,0,0,0,0,0,0,0,0,3,0
29,Dennis Blair\blairde01,21,MON,2,30,27,30,30,30,0,0,0,0,0,0,0,0,0,0,0
30,Larvell Blanks\blankla01,25,ATL,4,141,131,141,140,0,0,0,12,0,129,0,0,0,0,2,2
31,Bill Bonham\bonhabi01,26,CHC,5,40,36,40,38,38,0,0,0,0,0,0,0,0,0,0,2
32,Bob Boone\boonebo01,27,PHI,4,97,83,97,95,0,92,0,0,3,0,0,0,0,0,6,0
33,Pedro Borbon\borbope01,28,CIN,7,67,0,67,67,67,0,0,0,0,0,0,0,0,0,0,0
34,Ken Boswell\bosweke01,29,HOU,9,86,38,86,54,0,0,0,32,23,0,0,0,0,0,44,0
35,Larry Bowa\bowala01,29,PHI,6,136,135,136,135,0,0,0,0,0,135,0,0,0,0,1,0
36,Buddy Bradford\bradfbu01,30,STL,10,50,16,50,25,0,0,0,0,0,0,3,2,20,25,26,3
37,Tom Bradley\bradlto01,28,SFG,7,13,6,13,13,13,0,0,0,0,0,0,0,0,0,0,0
38,Hal Breeden\breedha01,31,MON,5,24,8,24,12,0,0,12,0,0,0,0,0,0,0,15,1
39,Ken Brett\brettke01,26,PIT,8,26,16,26,23,23,0,0,0,0,0,0,0,0,0,3,0
40,Jim Brewer\breweji01,37,LAD,16,21,0,21,21,21,0,0,0,0,0,0,0,0,0,0,0
41,Ed Brinkman\brinked01,33,STL,15,28,24,28,24,0,0,0,0,0,24,0,0,0,0,4,0
42,Lou Brock\brocklo01,36,STL,15,136,126,136,128,0,0,0,0,0,0,128,0,0,128,10,0
43,Jake Brown\brownja02,27,SFG,1st,41,6,41,14,0,0,0,0,0,0,9,1,4,14,26,6
44,Ollie Brown\brownol02,31,PHI,11,84,27,84,63,0,0,0,0,0,0,24,0,48,63,35,4
45,Ron Bryant\bryanro01,27,STL,8,10,1,10,10,10,0,0,0,0,0,0,0,0,0,0,0
46,Bill Buckner\bucknbi01,25,LAD,7,92,67,92,72,0,0,0,0,0,0,72,0,0,72,22,0
47,Ray Burris\burrira01,24,CHC,3,38,35,38,36,36,0,0,0,0,0,0,0,0,0,0,2
48,Enos Cabell\cabelen01,25,HOU,4,117,80,117,103,0,0,27,0,22,0,37,0,33,67,21,6
49,Mike Caldwell\caldwmi01,26,SFG,5,38,21,38,38,38,0,0,0,0,0,0,0,0,0,0,0
50,John Candelaria\candejo01,21,PIT,1st,18,18,18,18,18,0,0,0,0,0,0,0,0,0,0,0
51,Buzz Capra\caprabu01,27,ATL,5,12,12,12,12,12,0,0,0,0,0,0,0,0,0,0,0
52,Jose Cardenal\cardejo02,31,CHC,13,154,147,154,151,0,0,0,0,0,0,140,0,20,151,6,0
53,Steve Carlton\carltst01,30,PHI,11,37,37,37,37,37,0,0,0,0,0,0,0,0,0,0,0
54,Don Carrithers\carrido01,25,MON,6,19,14,19,19,19,0,0,0,0,0,0,0,0,0,0,0
55,Clay Carroll\carrocl02,34,CIN,12,56,2,56,56,56,0,0,0,0,0,0,0,0,0,0,0
56,Tom Carroll\carroto02,22,CIN,2,12,7,12,12,12,0,0,0,0,0,0,0,0,0,0,0
57,Gary Carter\cartega01,21,MON,2,144,136,144,142,0,66,0,0,1,0,0,0,92,92,7,0
58,Dave Cash\cashda01,27,PHI,7,162,162,162,162,0,0,0,162,0,0,0,0,0,0,0,0
59,Danny Cater\caterda01,35,STL,12,22,7,22,12,0,0,12,0,0,0,0,0,0,0,14,0
60,Cesar Cedeno\cedence01,24,HOU,6,131,131,131,131,0,0,0,0,0,0,0,131,0,131,0,0
61,Ron Cey\ceyro01,27,LAD,5,158,158,158,158,0,0,0,0,158,0,0,0,0,0,0,0
62,Darrel Chaney\chaneda01,27,CIN,7,71,41,71,68,0,0,0,22,13,35,0,0,0,0,5,1
63,Larry Christenson\chrisla01,21,PHI,3,29,26,29,29,29,0,0,0,0,0,0,0,0,0,0,0
64,Jack Clark\clarkja01,19,SFG,1st,8,3,8,5,0,0,0,0,2,0,1,2,1,3,4,1
65,Ron Clark\clarkro02,32,PHI,7,1,0,1,0,0,0,0,0,0,0,0,0,0,0,1,0
66,Gene Clines\clinege01,28,NYM,6,82,41,82,60,0,0,0,0,0,0,34,36,3,60,19,13
67,Rich Coggins\coggiri01,24,MON,4,13,10,13,10,0,0,0,0,0,0,9,0,2,10,3,0
68,Nate Colbert\colbena01,29,MON,9,38,15,38,22,0,0,22,0,0,0,0,0,0,0,21,0
69,Dave Concepcion\conceda01,27,CIN,6,140,125,140,136,0,0,0,0,6,130,0,0,0,0,10,1
70,Vic Correll\correvi01,29,ATL,3,103,97,103,97,0,97,0,0,0,0,0,0,0,0,6,0
71,Mike Cosgrove\cosgrmi01,24,HOU,4,32,3,32,32,32,0,0,0,0,0,0,0,0,0,0,0
72,Jim Cox\coxji01,25,MON,3,11,7,11,8,0,0,0,8,0,0,0,0,0,0,3,0
73,Larry Cox\coxla01,27,PHI,3,11,1,11,10,0,10,0,0,0,0,0,0,0,0,1,0
74,Jerry Cram\cramje01,27,NYM,3,4,0,4,4,4,0,0,0,0,0,0,0,0,0,0,0
75,Jim Crawford\crawfji01,24,HOU,2,44,2,44,44,44,0,0,0,0,0,0,0,0,0,0,0
76,Willie Crawford\crawfwi01,28,LAD,12,124,98,124,113,0,0,0,0,0,0,26,0,92,113,21,0
77,Ken Crosby\crosbke01,27,CHC,1st,9,0,9,9,9,0,0,0,0,0,0,0,0,0,0,0
78,Terry Crowley\crowlte01,28,CIN,7,66,7,66,8,0,0,4,0,0,0,3,0,1,4,58,0
79,Hector Cruz\cruzhe01,22,STL,2,23,9,23,17,0,0,0,0,12,0,4,0,2,6,6,3
80,Henry Cruz\cruzhe02,23,LAD,1st,53,18,53,41,0,0,0,0,0,0,13,27,4,41,17,6
81,Jose Cruz\cruzjo01,27,HOU,6,120,80,120,94,0,0,0,0,0,0,26,2,68,94,33,2
82,John Curtis\curtijo01,27,STL,6,39,18,39,39,39,0,0,0,0,0,0,0,0,0,0,0
83,John D'Acquisto\d'acqjo01,23,SFG,3,10,6,10,10,10,0,0,0,0,0,0,0,0,0,0,0
84,Bruce Dal Canton\dalcabr01,34,ATL,9,26,9,26,26,26,0,0,0,0,0,0,0,0,0,0,0
85,Pat Darcy\darcypa01,25,CIN,2,27,22,27,27,27,0,0,0,0,0,0,0,0,0,0,0
86,Jerry DaVanon\davanje01,29,HOU,6,32,27,32,29,0,0,0,9,3,21,0,0,0,0,3,1
87,Bob Davis\davisbo02,23,SDP,2,43,41,43,43,0,43,0,0,0,0,0,0,0,0,0,1
88,Willie Davis\daviswi02,35,STL,16,98,81,98,89,0,0,0,0,0,0,11,17,69,89,12,1
89,Ivan de Jesus\dejesiv01,22,LAD,2,63,28,63,63,0,0,0,0,0,63,0,0,0,0,2,5
90,Jesus de la Rosa\dela_je01,21,HOU,1st,3,0,3,0,0,0,0,0,0,0,0,0,0,0,3,0
91,Larry Demery\demerla01,22,PIT,2,49,8,49,45,45,0,0,0,0,0,0,0,0,0,0,4
92,Don DeMola\demoldo01,22,MON,2,60,0,60,60,60,0,0,0,0,0,0,0,0,0,0,0
93,John Denny\dennyjo01,22,STL,2,26,24,26,25,25,0,0,0,0,0,0,0,0,0,0,1
94,Tom Dettore\dettoto01,27,CHC,3,36,5,36,36,36,0,0,0,0,0,0,0,0,0,0,0
95,Adrian Devine\devinad01,23,ATL,2,5,2,5,5,5,0,0,0,0,0,0,0,0,0,0,0
96,Larry Dierker\dierkla01,28,HOU,12,34,34,34,34,34,0,0,0,0,0,0,0,0,0,0,0
97,Miguel Dilone\dilonmi01,20,PIT,2,18,1,18,2,0,0,0,0,0,0,0,2,0,2,1,15
98,Al Downing\downial01,34,LAD,15,22,6,22,22,22,0,0,0,0,0,0,0,0,0,0,0
99,Rob Dressler\dressro01,21,SFG,1st,3,2,3,3,3,0,0,0,0,0,0,0,0,0,0,0
100,Dan Driessen\driesda01,23,CIN,3,88,54,88,65,0,0,41,0,0,0,25,0,4,29,28,2
101,Ron Dunn\dunnro01,25,CHC,2,32,6,32,14,0,0,0,1,11,0,2,0,0,2,19,0
102,Jim Dwyer\dwyerji01,25,2TM,3,81,49,81,61,0,0,0,0,0,0,53,4,5,61,26,0
103,Duffy Dyer\dyerdu01,29,PIT,8,48,32,48,36,0,36,0,0,0,0,0,0,0,0,12,0
104,Mike Easler\easlemi01,24,HOU,3,5,0,5,0,0,0,0,0,0,0,0,0,0,0,5,0
105,Jamie Easterly\easteja01,22,ATL,2,21,13,21,21,21,0,0,0,0,0,0,0,0,0,0,0
106,Rawly Eastwick\eastwra01,24,CIN,2,58,0,58,58,58,0,0,0,0,0,0,0,0,0,0,0
107,Dock Ellis\ellisdo01,30,PIT,8,30,24,30,27,27,0,0,0,0,0,0,0,0,0,0,3
108,Nino Espinosa\espinni01,21,NYM,2,2,0,2,2,2,0,0,0,0,0,0,0,0,0,0,0
109,Jim Essian\essiaji01,24,PHI,3,2,0,2,2,0,2,0,0,0,0,0,0,0,0,0,1
110,Darrell Evans\evansda01,28,ATL,7,156,152,156,156,0,0,3,0,156,0,0,0,0,0,3,0
111,Ron Fairly\fairlro01,36,STL,18,107,53,107,75,0,0,57,0,0,0,4,0,16,20,45,2
112,Pete Falcone\falcope01,21,SFG,1st,34,32,34,34,34,0,0,0,0,0,0,0,0,0,0,0
113,Joe Ferguson\fergujo01,28,LAD,6,66,57,66,64,0,35,0,0,0,0,1,0,34,34,9,0
114,Doug Flynn\flynndo01,24,CIN,1st,90,28,90,86,0,0,0,31,40,17,0,0,0,0,8,4
115,Tim Foli\foliti01,24,MON,6,152,140,152,151,0,0,0,1,0,151,0,0,0,0,3,0
116,Rich Folkers\folkeri01,28,SDP,5,45,15,45,45,45,0,0,0,0,0,0,0,0,0,0,0
117,Barry Foote\footeba01,23,MON,3,118,102,118,115,0,115,0,0,0,0,0,0,0,0,6,0
118,Bob Forsch\forscbo01,25,STL,2,35,34,35,34,34,0,0,0,0,0,0,0,0,0,0,1
119,Ken Forsch\forscke01,28,HOU,6,34,9,34,34,34,0,0,0,0,0,0,0,0,0,0,0
120,Alan Foster\fosteal01,28,SDP,9,19,4,19,17,17,0,0,0,0,0,0,0,0,0,0,2
121,George Foster\fostege01,26,CIN,7,134,117,134,126,0,0,1,0,0,0,96,32,17,125,12,0
122,Ken Frailing\frailke01,27,CHC,4,41,0,41,41,41,0,0,0,0,0,0,0,0,0,0,0
123,Dave Freisleben\freisda01,23,SDP,2,36,27,36,36,36,0,0,0,0,0,0,0,0,0,0,0
124,Pepe Frias\friaspe01,26,MON,3,51,22,51,46,0,0,0,7,11,29,0,0,0,0,4,3
125,Danny Frisella\friseda01,29,SDP,9,65,0,65,65,65,0,0,0,0,0,0,0,0,0,0,0
126,Larry Fritz\fritzla01,26,PHI,1st,1,0,1,0,0,0,0,0,0,0,0,0,0,0,1,0
127,Woodie Fryman\frymawo01,35,MON,10,38,20,38,38,38,0,0,0,0,0,0,0,0,0,0,0
128,Tito Fuentes\fuentti01,31,SDP,10,146,141,146,142,0,0,0,142,0,0,0,0,0,0,3,2
129,Bob Gallagher\gallabo01,27,NYM,4,33,0,33,16,0,0,0,0,0,0,9,1,6,16,11,9
130,Gene Garber\garbege01,27,PHI,6,71,0,71,71,71,0,0,0,0,0,0,0,0,0,0,0
131,Art Gardner\gardnar01,22,HOU,1st,13,7,13,8,0,0,0,0,0,0,3,1,4,8,5,0
132,Mike Garman\garmami01,25,STL,6,66,0,66,66,66,0,0,0,0,0,0,0,0,0,0,0
133,Ralph Garr\garrra01,29,ATL,8,151,148,151,148,0,0,0,0,0,0,148,0,0,148,3,0
134,Adrian Garrett\garread01,32,CHC,7,16,3,16,4,0,0,4,0,0,0,0,0,0,0,12,0
135,Wayne Garrett\garrewa01,27,NYM,7,107,68,107,95,0,0,0,1,94,3,0,0,0,0,14,3
136,Steve Garvey\garvest01,26,LAD,7,160,160,160,160,0,0,160,0,0,0,0,0,0,0,0,0
137,Cito Gaston\gastoci01,31,ATL,8,64,33,64,36,0,0,1,0,0,0,2,16,17,35,30,0
138,Gary Gentry\gentrga01,28,ATL,7,7,2,7,7,7,0,0,0,0,0,0,0,0,0,0,0
139,Cesar Geronimo\geronce01,27,CIN,7,148,128,148,148,0,0,0,0,0,0,0,148,0,148,3,3
140,Bob Gibson\gibsobo01,39,STL,17,22,14,22,22,22,0,0,0,0,0,0,0,0,0,0,0
141,Rod Gilbreath\gilbrro01,22,ATL,4,90,47,90,60,0,0,0,51,11,1,0,0,0,0,31,6
142,Dave Giusti\giustda01,35,PIT,13,61,0,61,61,61,0,0,0,0,0,0,0,0,0,0,0
143,Ed Goodson\goodsed01,27,2TM,6,86,40,86,43,0,0,29,0,14,0,0,0,0,0,44,0
144,Wayne Granger\grangwa01,31,HOU,8,55,0,55,55,55,0,0,0,0,0,0,0,0,0,0,0
145,Bill Greif\greifbi01,25,SDP,5,59,1,59,59,59,0,0,0,0,0,0,0,0,0,0,0
146,Ken Griffey\griffke01,25,CIN,3,132,115,132,119,0,0,0,0,0,0,0,0,119,119,14,3
147,Tom Griffin\griffto02,27,HOU,7,17,13,17,17,17,0,0,0,0,0,0,0,0,0,0,0
148,Greg Gross\grossgr01,22,HOU,3,132,120,132,121,0,0,0,0,0,0,61,0,60,121,12,0
149,Jerry Grote\groteje01,32,NYM,12,119,108,119,111,0,111,0,0,0,0,0,0,0,0,10,0
150,Johnny Grubb\grubbjo01,26,SDP,4,144,136,144,139,0,0,0,0,0,0,0,139,0,139,7,1
151,Mario Guerrero\guerrma01,25,STL,3,64,54,64,64,0,0,0,0,0,64,0,0,0,0,0,0
152,Don Gullett\gulledo01,24,CIN,6,22,22,22,22,22,0,0,0,0,0,0,0,0,0,0,0
153,Don Hahn\hahndo01,26,3TM,7,50,7,50,37,0,0,0,0,0,0,19,17,3,37,9,13
154,John Hale\halejo01,21,LAD,2,71,53,71,68,0,0,0,0,0,0,0,35,43,68,8,0
155,Ed Halicki\haliced01,24,SFG,2,24,23,24,24,24,0,0,0,0,0,0,0,0,0,0,0
156,Tom Hall\hallto01,27,2TM,8,37,4,37,36,36,0,0,0,0,0,0,0,0,0,0,1
157,Preston Hanna\hannapr01,20,ATL,1st,4,0,4,4,4,0,0,0,0,0,0,0,0,0,0,0
158,Larry Hardy\hardyla01,27,SDP,2,3,0,3,3,3,0,0,0,0,0,0,0,0,0,0,0
159,Terry Harmon\harmote01,31,PHI,8,48,20,48,32,0,0,0,7,1,25,0,0,0,0,2,17
160,Bud Harrelson\harrebu01,31,NYM,11,34,23,34,34,0,0,0,0,0,34,0,0,0,0,4,2
161,Vic Harris\harrivi01,25,CHC,4,51,6,51,23,0,0,0,5,7,0,10,2,0,12,26,11
162,Roric Harrison\harriro01,28,ATL,4,15,7,15,15,15,0,0,0,0,0,0,0,0,0,0,0
163,Dave Heaverlo\heaveda01,24,SFG,1st,42,0,42,42,42,0,0,0,0,0,0,0,0,0,0,0
164,Richie Hebner\hebneri01,27,PIT,8,128,124,128,126,0,0,0,0,126,0,0,0,0,0,4,0
165,Jack Heidemann\heideja01,25,NYM,6,61,34,61,49,0,0,0,1,4,44,0,0,0,0,19,1
166,Tommy Helms\helmsto01,34,HOU,12,64,28,64,46,0,0,0,42,3,1,0,0,0,0,31,0
167,Enzo Hernandez\hernaen01,26,SDP,5,116,95,116,112,0,0,0,0,0,112,0,0,0,0,0,14
168,Keith Hernandez\hernake01,21,STL,2,64,48,64,56,0,0,56,0,0,0,0,0,0,0,10,0
169,Ramon Hernandez\hernara01,34,PIT,7,46,0,46,46,46,0,0,0,0,0,0,0,0,0,0,0
170,Tom Hilgendorf\hilgeto01,33,PHI,6,53,0,53,53,53,0,0,0,0,0,0,0,0,0,0,0
171,Marc Hill\hillma01,23,SFG,3,72,47,72,61,0,60,0,0,1,0,0,0,0,0,17,0
172,Dave Hilton\hiltoda01,24,SDP,4,4,2,4,4,0,0,0,0,4,0,0,0,0,0,0,0
173,Gene Hiser\hiserge01,26,CHC,5,45,9,45,19,0,0,1,0,0,0,7,7,5,19,29,2
174,Ron Hodges\hodgero01,26,NYM,3,9,8,9,9,0,9,0,0,0,0,0,0,0,0,0,0
175,Joe Hoerner\hoernjo01,38,PHI,12,25,0,25,25,25,0,0,0,0,0,0,0,0,0,0,0
176,Burt Hooton\hootobu01,25,2TM,5,34,33,34,34,34,0,0,0,0,0,0,0,0,0,0,0
177,Tim Hosley\hosleti01,28,CHC,5,62,36,62,53,0,53,0,0,0,0,0,0,0,0,13,0
178,Charlie Hough\houghch01,27,LAD,6,38,0,38,38,38,0,0,0,0,0,0,0,0,0,0,0
179,Tom House\houseto01,28,ATL,5,58,0,58,58,58,0,0,0,0,0,0,0,0,0,0,0
180,Doug Howard\howardo01,27,STL,4,17,5,17,7,0,0,7,0,0,0,0,0,0,0,10,0
181,Wilbur Howard\howarwi01,26,HOU,3,121,81,121,95,0,0,0,0,0,0,53,36,12,95,23,12
182,Art Howe\howear01,28,PIT,2,63,36,63,45,0,0,0,0,42,3,0,0,0,0,19,3
183,Al Hrabosky\hraboal01,25,STL,6,65,0,65,65,65,0,0,0,0,0,0,0,0,0,0,0
184,Randy Hundley\hundlra01,33,SDP,12,74,46,74,51,0,51,0,0,0,0,0,0,0,0,23,0
185,Steve Huntz\huntzst01,29,SDP,5,22,12,22,16,0,0,0,2,16,0,0,0,0,0,6,0
186,Tom Hutton\huttoto01,29,PHI,6,113,34,113,79,0,0,70,0,0,0,0,0,12,12,42,2
187,Mike Ivie\iviemi01,22,SDP,3,111,95,111,103,0,1,78,0,61,0,0,0,0,0,9,3
188,Cliff Johnson\johnscl01,27,HOU,4,122,81,122,85,0,41,46,0,0,0,1,0,0,1,40,0
189,Davey Johnson\johnsda02,32,ATL,11,1,0,1,0,0,0,0,0,0,0,0,0,0,0,1,0
190,Jerry Johnson\johnsje01,31,SDP,8,21,4,21,21,21,0,0,0,0,0,0,0,0,0,0,0
191,Larry Johnson\johnsla01,24,MON,3,1,1,1,1,0,1,0,0,0,0,0,0,0,0,0,0
192,Jay Johnstone\johnsja01,29,PHI,10,122,91,122,101,0,0,0,0,0,0,0,3,100,101,28,0
193,Cleon Jones\jonescl01,32,NYM,12,21,12,21,12,0,0,0,0,0,0,12,0,0,12,9,0
194,Odell Jones\jonesod01,22,PIT,1st,2,0,2,2,2,0,0,0,0,0,0,0,0,0,0,0
195,Randy Jones\jonesra01,25,SDP,3,40,36,40,37,37,0,0,0,0,0,0,0,0,0,0,3
196,Mike Jorgensen\jorgemi01,26,MON,7,144,113,144,136,0,0,133,0,0,0,6,1,1,7,22,0
197,Von Joshua\joshuvo01,27,SFG,6,129,117,129,117,0,0,0,0,0,0,0,117,0,117,11,1
198,Skip Jutze\jutzesk01,29,HOU,4,51,26,51,47,0,47,0,0,0,0,0,0,0,0,2,15
199,Mick Kelleher\kellemi02,27,STL,4,7,0,7,7,0,0,0,0,0,7,0,0,0,0,0,0
200,Fred Kendall\kendafr01,26,SDP,7,103,72,103,85,0,85,0,0,0,0,0,0,0,0,19,0
201,Don Kessinger\kessido01,32,CHC,12,154,144,154,152,0,0,0,0,13,141,0,0,0,0,2,0
202,Dave Kingman\kingmda01,26,NYM,5,134,127,134,130,0,0,58,0,12,0,68,0,3,71,6,0
203,Clay Kirby\kirbycl01,27,CIN,7,26,19,26,26,26,0,0,0,0,0,0,0,0,0,0,0
204,Ed Kirkpatrick\kirkped01,30,PIT,14,89,24,89,41,0,0,28,0,0,0,8,0,6,14,51,2
205,Bruce Kison\kisonbr01,25,PIT,5,35,29,35,33,33,0,0,0,0,0,0,0,0,0,0,2
206,Darold Knowles\knowlda01,33,CHC,11,58,0,58,58,58,0,0,0,0,0,0,0,0,0,0,0
207,Doug Konieczny\koniedo01,23,HOU,3,32,29,32,32,32,0,0,0,0,0,0,0,0,0,0,0
208,Jerry Koosman\koosmje01,32,NYM,9,36,34,36,36,36,0,0,0,0,0,0,0,0,0,0,0
209,Ed Kranepool\kraneed01,30,NYM,14,106,82,106,86,0,0,82,0,0,0,5,0,0,5,22,0
210,Ted Kubiak\kubiate01,33,SDP,9,87,49,87,74,0,0,1,10,64,0,0,0,0,0,13,3
211,Ryan Kurosaki\kurosry01,22,STL,1st,7,0,7,7,7,0,0,0,0,0,0,0,0,0,0,0
212,Pete LaCock\lacocpe01,23,CHC,4,106,63,106,75,0,0,52,0,0,0,11,0,16,27,32,0
213,Frank LaCorte\lacorfr01,23,ATL,1st,3,2,3,3,3,0,0,0,0,0,0,0,0,0,0,0
214,Lee Lacy\lacyle01,27,LAD,4,101,67,101,84,0,0,0,43,0,1,38,2,7,43,26,2
215,Chip Lang\langch01,22,MON,1st,1,1,1,1,1,0,0,0,0,0,0,0,0,0,0,0
216,Gary Lavelle\lavelga01,26,SFG,2,65,0,65,65,65,0,0,0,0,0,0,0,0,0,0,0
217,Leron Lee\leele02,27,LAD,7,48,1,48,4,0,0,0,0,0,0,4,0,0,4,47,0
218,Johnnie LeMaster\lemasjo01,21,SFG,1st,22,19,22,22,0,0,0,0,0,22,0,0,0,0,1,0
219,Max Leon\leonma01,25,ATL,3,50,1,50,50,50,0,0,0,0,0,0,0,0,0,0,0
220,Randy Lerch\lerchra01,20,PHI,1st,3,0,3,3,3,0,0,0,0,0,0,0,0,0,0,0
221,Dennis Lewallyn\lewalde01,21,LAD,1st,2,0,2,2,2,0,0,0,0,0,0,0,0,0,0,0
222,Larry Lintz\lintzla01,25,2TM,3,73,42,73,53,0,0,0,45,0,8,0,0,0,0,1,24
223,Bob Locker\lockebo02,37,CHC,10,22,0,22,22,22,0,0,0,0,0,0,0,0,0,0,0
224,Gene Locklear\locklge01,25,SDP,3,100,51,100,51,0,0,0,0,0,0,50,0,2,51,49,0
225,Skip Lockwood\lockwsk01,28,NYM,8,24,0,24,24,24,0,0,0,0,0,0,0,0,0,0,0
226,Jim Lonborg\lonboji01,33,PHI,11,27,26,27,27,27,0,0,0,0,0,0,0,0,0,0,0
227,Davey Lopes\lopesda01,30,LAD,4,155,155,155,155,0,0,0,137,0,14,0,24,1,24,0,0
228,Mike Lum\lummi01,29,ATL,9,124,89,124,96,0,0,60,0,0,0,2,30,6,38,28,2
229,Greg Luzinski\luzingr01,24,PHI,6,161,159,161,159,0,0,0,0,0,0,159,0,0,159,2,0
230,Jim Lyttle\lyttlji01,29,MON,7,44,9,44,16,0,0,0,0,0,0,5,8,3,16,30,0
231,Pete Mackanin\mackape01,23,MON,3,130,118,130,129,0,0,0,127,1,1,0,0,0,0,5,2
232,Garry Maddox\maddoga01,25,2TM,4,116,110,116,110,0,0,0,0,0,0,0,110,0,110,5,1
233,Bill Madlock\madlobi01,24,CHC,3,130,128,130,128,0,0,0,0,128,0,0,0,0,0,2,0
234,Pepe Mangual\mangupe01,23,MON,4,140,129,140,139,0,0,0,0,0,0,4,132,4,139,6,2
235,Charlie Manuel\manuech01,31,LAD,6,15,0,15,0,0,0,0,0,0,0,0,0,0,0,15,0
236,Juan Marichal\maricju01,37,LAD,16,2,2,2,2,2,0,0,0,0,0,0,0,0,0,0,0
237,Mike Marshall\marshmi01,32,LAD,8,58,0,58,56,58,0,0,0,0,0,0,0,0,0,0,0
238,Jerry Martin\martije01,26,PHI,2,57,26,57,49,0,0,0,0,0,0,9,38,2,49,10,6
239,Ted Martinez\martite01,27,STL,6,16,6,16,11,0,0,0,2,1,1,3,0,4,7,6,2
240,Jon Matlack\matlajo01,25,NYM,5,33,32,33,33,33,0,0,0,0,0,0,0,0,0,0,0
241,Gary Matthews\matthga01,24,SFG,4,116,112,116,113,0,0,0,0,0,0,113,0,0,113,4,0
242,Dave May\mayda01,31,ATL,9,82,46,82,52,0,0,0,0,0,0,12,16,26,52,34,0
243,Milt May\maymi01,24,HOU,6,111,99,111,103,0,103,0,0,0,0,0,0,0,0,12,0
244,Bake McBride\mcbriba01,26,STL,3,116,99,116,107,0,0,0,0,0,0,0,107,0,107,13,3
245,Tim McCarver\mccarti01,33,PHI,16,47,9,47,11,0,10,1,0,0,0,0,0,0,0,38,0
246,Willie McCovey\mccovwi01,37,SDP,17,122,115,122,115,0,0,115,0,0,0,0,0,0,0,7,0
247,Sam McDowell\mcdowsa01,32,PIT,15,14,1,14,14,14,0,0,0,0,0,0,0,0,0,0,0
248,Will McEnaney\mcenawi01,23,CIN,2,70,0,70,70,70,0,0,0,0,0,0,0,0,0,0,0
249,Lynn McGlothen\mcgloly01,25,STL,4,35,34,35,35,35,0,0,0,0,0,0,0,0,0,0,0
250,Tug McGraw\mcgratu01,30,PHI,10,56,0,56,56,56,0,0,0,0,0,0,0,0,0,0,0
251,Joe McIntosh\mcintjo01,23,SDP,2,38,28,38,37,37,0,0,0,0,0,0,0,0,0,0,1
252,Ken McMullen\mcmulke01,33,LAD,14,39,4,39,14,0,0,3,0,11,0,0,0,0,0,28,1
253,Dave McNally\mcnalda01,32,MON,14,12,12,12,12,12,0,0,0,0,0,0,0,0,0,0,0
254,Luis Melendez\melenlu01,25,STL,6,110,64,110,89,0,0,0,0,0,0,36,51,7,89,28,1
255,Mario Mendoza\mendoma01,24,PIT,2,56,17,56,54,0,0,0,0,1,53,0,0,0,0,0,8
256,Andy Messersmith\messean01,29,LAD,8,44,40,44,42,42,0,0,0,0,0,0,0,0,0,1,1
257,Butch Metzger\metzgbu01,23,SDP,2,4,0,4,4,4,0,0,0,0,0,0,0,0,0,0,0
258,Roger Metzger\metzgro01,27,HOU,6,127,123,127,126,0,0,0,0,0,126,0,0,0,0,2,2
259,Larry Milbourne\milbola01,24,HOU,2,73,44,73,62,0,0,0,43,0,23,0,0,0,0,4,12
260,Felix Millan\millafe01,31,NYM,10,162,162,162,162,0,0,0,162,0,0,0,0,0,0,0,0
261,Bruce Miller\millebr01,28,SFG,3,99,76,99,92,0,0,0,21,68,6,0,0,0,0,13,0
262,John Milner\milnejo01,25,NYM,5,91,52,91,56,0,0,29,0,0,0,30,2,0,31,37,1
263,Jim Minshall\minshji01,27,PIT,2,1,0,1,1,1,0,0,0,0,0,0,0,0,0,0,0
264,Greg Minton\mintogr01,23,SFG,1st,4,2,4,4,4,0,0,0,0,0,0,0,0,0,0,0
265,George Mitterwald\mittege01,30,CHC,9,84,47,84,69,0,59,10,0,0,0,0,0,0,0,21,0
266,Randy Moffitt\moffira01,26,SFG,4,55,0,55,55,55,0,0,0,0,0,0,0,0,0,0,0
267,Rick Monday\mondari01,29,CHC,10,136,131,136,131,0,0,0,0,0,0,0,131,0,131,4,1
268,John Montague\montajo01,27,2TM,3,16,0,16,15,15,0,0,0,0,0,0,0,0,0,0,1
269,Willie Montanez\montawi01,27,2TM,7,156,155,156,155,0,0,155,0,0,0,0,0,0,0,1,0
270,John Montefusco\montejo01,25,SFG,2,35,34,35,35,35,0,0,0,0,0,0,0,0,0,0,0
271,Donnie Moore\mooredo01,21,CHC,1st,4,1,4,4,4,0,0,0,0,0,0,0,0,0,0,0
272,Tommy Moore\mooreto01,26,STL,3,10,0,10,10,10,0,0,0,0,0,0,0,0,0,0,0
273,Bob Moose\moosebo01,27,PIT,9,23,5,23,23,23,0,0,0,0,0,0,0,0,0,0,0
274,Jerry Morales\moralje01,26,CHC,7,153,147,153,151,0,0,0,0,0,0,0,23,136,151,6,0
275,Jose Morales\moraljo01,30,MON,3,93,33,93,37,0,5,27,0,0,0,6,0,0,6,60,0
276,Omar Moreno\morenom01,22,PIT,1st,6,1,6,1,0,0,0,0,0,0,1,0,0,1,3,2
277,Joe Morgan\morgajo02,31,CIN,13,146,141,146,142,0,0,0,142,0,0,0,0,0,0,5,0
278,Carl Morton\mortoca01,31,ATL,7,39,39,39,39,39,0,0,0,0,0,0,0,0,0,0,0
279,Jerry Moses\mosesje01,28,SDP,9,13,3,13,5,0,5,0,0,0,0,0,0,0,0,8,0
280,Manny Mota\motama01,37,LAD,14,52,3,52,6,0,0,0,0,0,0,6,0,0,6,49,0
281,Jerry Mumphrey\mumphje01,22,STL,2,11,3,11,3,0,0,0,0,0,0,0,0,3,3,8,0
282,Bobby Murcer\murcebo01,29,SFG,9,147,143,147,144,0,0,0,0,0,0,0,2,143,144,4,0
283,Dale Murray\murrada01,25,MON,2,63,0,63,63,63,0,0,0,0,0,0,0,0,0,0,0
284,Joe Niekro\niekrjo01,30,HOU,9,40,4,40,40,40,0,0,0,0,0,0,0,0,0,0,0
285,Phil Niekro\niekrph01,36,ATL,12,39,37,39,39,39,0,0,0,0,0,0,0,0,0,0,0
286,Gary Nolan\nolanga01,27,CIN,8,32,32,32,32,32,0,0,0,0,0,0,0,0,0,0,0
287,Joe Nolan\nolanjo01,24,ATL,2,4,0,4,1,0,1,0,0,0,0,0,0,0,0,4,0
288,Fred Norman\normafr01,32,CIN,11,34,26,34,34,34,0,0,0,0,0,0,0,0,0,0,0
289,Johnny Oates\oatesjo01,29,2TM,5,98,76,98,88,0,88,0,0,0,0,0,0,0,0,14,0
290,Blue Moon Odom\odombl01,30,ATL,12,15,10,15,15,15,0,0,0,0,0,0,0,0,0,0,0
291,Rowland Office\officro01,22,ATL,3,126,89,126,107,0,0,0,0,0,0,1,106,0,107,21,5
292,Al Oliver\oliveal01,28,PIT,8,155,151,155,155,0,0,4,0,0,0,0,153,0,153,2,0
293,Steve Ontiveros\ontivst01,23,SFG,3,108,93,108,97,0,0,4,0,89,0,2,0,7,8,13,0
294,Ed Ott\otted01,23,PIT,2,5,0,5,2,0,2,0,0,0,0,0,0,0,0,4,0
295,Tom Paciorek\pacioto01,28,LAD,6,62,36,62,55,0,0,0,0,0,0,32,2,25,55,10,6
296,Dave Parker\parkeda01,24,PIT,3,148,141,148,141,0,0,0,0,0,0,0,0,141,141,7,0
297,Harry Parker\parkeha01,27,2TM,5,32,1,32,32,32,0,0,0,0,0,0,0,0,0,0,0
298,Larry Parrish\parrila01,21,MON,2,145,135,145,143,0,0,0,0,143,1,0,0,0,0,6,2
299,Brock Pemberton\pembebr01,21,NYM,2,2,0,2,0,0,0,0,0,0,0,0,0,0,0,2,0
300,Marty Perez\perezma01,29,ATL,7,120,113,120,119,0,0,0,116,0,7,0,0,0,0,6,0
301,Tony Perez\perezto01,33,CIN,12,137,130,137,132,0,0,132,0,0,0,0,0,0,0,7,0
302,Mike Phillips\phillmi01,24,2TM,3,126,115,126,125,0,0,0,7,6,115,0,0,0,0,4,3
303,Bill Plummer\plummbi01,28,CIN,7,65,45,65,63,0,63,0,0,0,0,0,0,0,0,5,0
304,Biff Pocoroba\pocorbi01,21,ATL,1st,67,49,67,62,0,62,0,0,0,0,0,0,0,0,9,1
305,Paul Popovich\popovpa01,34,PIT,11,25,5,25,16,0,0,0,8,0,8,0,0,0,0,17,1
306,Paul Powell\powelpa01,27,LAD,3,8,2,8,8,0,7,0,0,0,0,1,0,0,1,0,2
307,Willie Prall\prallwi01,25,CHC,1st,3,3,3,3,3,0,0,0,0,0,0,0,0,0,0,0
308,Dave Rader\raderda01,26,SFG,5,98,80,98,94,0,94,0,0,0,0,0,0,0,0,11,0
309,Doug Rader\raderdo02,30,HOU,9,129,122,129,125,0,0,0,0,124,2,0,0,0,0,4,0
310,Willie Randolph\randowi01,20,PIT,1st,30,13,30,15,0,0,0,14,1,0,0,0,0,0,11,5
311,Eric Rasmussen\rasmuer01,23,STL,1st,14,13,14,14,14,0,0,0,0,0,0,0,0,0,0,0
312,Doug Rau\raudo01,26,LAD,4,38,38,38,38,38,0,0,0,0,0,0,0,0,0,0,0
313,Ron Reed\reedro01,32,2TM,10,34,34,34,34,34,0,0,0,0,0,0,0,0,0,0,0
314,Ken Reitz\reitzke01,24,STL,4,161,157,161,160,0,0,0,0,160,0,0,0,0,0,1,0
315,Steve Renko\renkost01,30,MON,7,33,25,33,31,31,0,0,0,0,0,0,0,0,0,2,0
316,Merv Rettenmund\retteme01,32,CIN,8,93,44,93,63,0,0,0,0,1,0,21,3,39,62,39,0
317,Paul Reuschel\reuscpa01,28,CHC,1st,28,0,28,28,28,0,0,0,0,0,0,0,0,0,0,0
318,Rick Reuschel\reuscri01,26,CHC,4,38,37,38,38,38,0,0,0,0,0,0,0,0,0,0,0
319,Jerry Reuss\reussje01,26,PIT,7,32,32,32,32,32,0,0,0,0,0,0,0,0,0,0,0
320,Craig Reynolds\reynocr01,22,PIT,1st,31,22,31,31,0,0,0,0,0,31,0,0,0,0,1,2
321,Ken Reynolds\reynoke01,28,STL,5,10,0,10,10,10,0,0,0,0,0,0,0,0,0,0,0
322,Rick Rhoden\rhoderi01,22,LAD,2,26,11,26,26,26,0,0,0,0,0,0,0,0,0,0,0
323,J.R. Richard\richaj.01,25,HOU,5,33,31,33,33,33,0,0,0,0,0,0,0,0,0,0,0
324,Bombo Rivera\riverbo01,22,MON,1st,5,4,5,5,0,0,0,0,0,0,4,0,2,5,0,0
325,Dave Roberts\roberda05,30,HOU,7,32,27,32,32,32,0,0,0,0,0,0,0,0,0,0,0
326,Dave Roberts\roberda06,24,SDP,4,33,33,33,33,0,0,0,5,30,0,0,0,0,0,0,0
327,Bob Robertson\roberbo01,28,PIT,8,75,25,75,28,0,0,28,0,0,0,0,0,0,0,48,0
328,Bill Robinson\robinbi02,32,PIT,8,92,41,92,58,0,0,0,0,0,0,31,16,15,58,37,2
329,Craig Robinson\robincr01,26,2TM,4,39,11,39,28,0,0,0,9,0,19,0,0,0,0,3,13
330,Steve Rogers\rogerst01,25,MON,3,35,35,35,35,35,0,0,0,0,0,0,0,0,0,0,0
331,Mike Rogodzinski\rogodmi01,27,PHI,3,16,2,16,2,0,0,0,0,0,0,2,0,0,2,13,1
332,Jim Rooker\rookeji01,32,PIT,8,28,28,28,28,28,0,0,0,0,0,0,0,0,0,0,0
333,Pete Rose\rosepe01,34,CIN,13,162,162,162,162,0,0,0,0,137,0,35,0,0,35,0,0
334,Dave Rosello\roselda01,25,CHC,4,19,19,19,19,0,0,0,0,0,19,0,0,0,0,0,0
335,Jerry Royster\roystje01,22,LAD,3,13,9,13,13,0,0,0,4,3,1,1,0,6,7,2,0
336,Ken Rudolph\rudolke01,28,STL,7,44,15,44,31,0,31,0,0,0,0,0,0,0,0,14,0
337,Bill Russell\russebi01,26,LAD,7,84,81,84,83,0,0,0,0,0,83,0,0,0,0,0,1
338,Dick Ruthven\ruthvdi01,24,PHI,3,12,7,12,11,11,0,0,0,0,0,0,0,0,0,0,1
339,Ray Sadecki\sadecra01,34,2TM,16,33,5,33,33,33,0,0,0,0,0,0,0,0,0,0,0
340,Mike Sadek\sadekmi01,29,SFG,2,42,33,42,38,0,38,0,0,0,0,0,0,0,0,3,3
341,Ken Sanders\sandeke01,33,NYM,9,30,0,30,29,30,0,0,0,0,0,0,0,0,0,0,0
342,Manny Sanguillen\sanguma01,31,PIT,8,133,129,133,132,0,132,0,0,0,0,0,0,0,0,3,0
343,Pat Scanlon\scanlpa02,22,MON,2,60,25,60,29,0,0,1,0,28,0,0,0,0,0,33,0
344,Mac Scarce\scarcma01,26,NYM,4,1,0,1,1,1,0,0,0,0,0,0,0,0,0,0,0
345,Fred Scherman\scherfr01,30,2TM,7,50,7,50,50,50,0,0,0,0,0,0,0,0,0,0,0
346,Mike Schmidt\schmimi01,25,PHI,4,158,156,158,157,0,0,0,0,151,10,0,0,0,0,1,0
347,Ron Schueler\schuero01,27,PHI,4,46,6,46,46,46,0,0,0,0,0,0,0,0,0,0,0
348,Buddy Schultz\schulbu01,24,CHC,1st,6,0,6,6,6,0,0,0,0,0,0,0,0,0,0,0
349,John Scott\scottjo01,23,SDP,2,25,0,25,1,0,0,0,0,0,0,0,1,0,1,9,15
350,Tony Scott\scottto01,23,MON,3,92,30,92,72,0,0,0,0,0,0,47,3,28,72,8,29
351,Tom Seaver\seaveto01,30,NYM,9,37,36,37,36,36,0,0,0,0,0,0,0,0,0,0,1
352,Dave Sells\sellsda01,28,LAD,4,5,0,5,5,5,0,0,0,0,0,0,0,0,0,0,0
353,Dick Sharon\sharodi01,25,SDP,3,91,35,91,57,0,0,0,0,0,0,39,12,8,57,38,1
354,Paul Siebert\siebepa01,22,HOU,2,7,2,7,7,7,0,0,0,0,0,0,0,0,0,0,0
355,Sonny Siebert\siebeso01,38,SDP,12,7,6,7,6,6,0,0,0,0,0,0,0,0,0,1,0
356,Ted Simmons\simmote01,25,STL,8,157,152,157,156,0,154,2,0,0,0,2,0,0,2,5,0
357,Joe Simpson\simpsjo01,23,LAD,1st,9,1,9,6,0,0,0,0,0,0,0,6,1,6,1,5
358,Wayne Simpson\simpswa01,26,PHI,5,7,5,7,7,7,0,0,0,0,0,0,0,0,0,0,0
359,Ted Sizemore\sizemte01,30,STL,7,153,143,153,153,0,0,0,153,0,0,0,0,0,0,2,0
360,Reggie Smith\smithre06,30,STL,10,135,127,135,128,0,0,66,0,1,0,0,1,71,72,8,0
361,Eddie Solomon\solomed01,24,CHC,3,6,0,6,6,6,0,0,0,0,0,0,0,0,0,0,0
362,Elias Sosa\sosael01,25,2TM,4,57,1,57,57,57,0,0,0,0,0,0,0,0,0,0,0
363,Jose Sosa\sosajo01,22,HOU,1st,26,2,26,25,25,0,0,0,0,0,0,0,0,0,0,1
364,Horace Speed\speedho01,23,SFG,1st,17,3,17,9,0,0,0,0,0,0,5,0,5,9,1,10
365,Chris Speier\speiech01,25,SFG,5,141,136,141,137,0,0,0,0,1,136,0,0,0,0,4,0
366,Rob Sperring\sperrro01,25,CHC,2,65,42,65,61,0,0,0,17,23,15,3,0,5,8,2,8
367,Dan Spillner\spillda01,23,SDP,2,37,25,37,37,37,0,0,0,0,0,0,0,0,0,0,0
368,Roy Staiger\staigro01,25,NYM,1st,13,4,13,13,0,0,0,0,13,0,0,0,0,0,0,1
369,Don Stanhouse\stanhdo01,24,MON,4,4,3,4,4,4,0,0,0,0,0,0,0,0,0,0,0
370,Mike Stanton\stantmi01,22,HOU,1st,7,2,7,7,7,0,0,0,0,0,0,0,0,0,0,0
371,Willie Stargell\stargwi01,35,PIT,14,124,122,124,122,0,0,122,0,0,0,0,0,0,0,2,0
372,Rusty Staub\staubru01,31,NYM,13,155,153,155,153,0,0,0,0,0,0,0,0,153,153,2,0
373,John Stearns\stearjo01,23,NYM,2,59,46,59,54,0,54,0,0,0,0,0,0,0,0,8,1
374,Rennie Stennett\stennre01,24,PIT,5,148,144,148,144,0,0,0,144,0,0,0,0,0,0,4,0
375,George Stone\stonege02,28,NYM,9,13,11,13,13,13,0,0,0,0,0,0,0,0,0,0,0
376,Steve Stone\stonest01,27,CHC,5,34,32,34,33,33,0,0,0,0,0,0,0,0,0,0,1
377,Brent Strom\strombr01,26,SDP,3,18,16,18,18,18,0,0,0,0,0,0,0,0,0,0,0
378,Champ Summers\summech01,29,CHC,2,76,9,76,20,0,0,1,0,0,0,16,0,3,19,64,0
379,Don Sutton\suttodo01,30,LAD,10,35,35,35,35,35,0,0,0,0,0,0,0,0,0,0,0
380,Craig Swan\swancr01,24,NYM,3,6,6,6,6,6,0,0,0,0,0,0,0,0,0,0,0
381,Steve Swisher\swishst01,23,CHC,2,93,86,93,93,0,93,0,0,0,0,0,0,0,0,0,0
382,Randy Tate\tatera01,22,NYM,1st,26,23,26,26,26,0,0,0,0,0,0,0,0,0,0,0
383,Frank Taveras\taverfr01,25,PIT,4,134,122,134,132,0,0,0,0,0,132,0,0,0,0,0,7
384,Chuck Taylor\tayloch02,33,MON,7,54,0,54,54,54,0,0,0,0,0,0,0,0,0,0,0
385,Tony Taylor\tayloto02,39,PHI,18,79,12,79,23,0,0,4,3,16,0,0,0,0,0,64,0
386,Kent Tekulve\tekulke01,28,PIT,2,34,0,34,34,34,0,0,0,0,0,0,0,0,0,0,0
387,Frank Tepedino\tepedfr01,27,ATL,8,8,0,8,0,0,0,0,0,0,0,0,0,0,0,8,0
388,Greg Terlecky\terlegr01,23,STL,1st,20,0,20,20,20,0,0,0,0,0,0,0,0,0,0,0
389,Derrel Thomas\thomade01,24,SFG,5,144,135,144,141,0,0,0,141,0,0,0,0,1,1,1,5
390,Gary Thomasson\thomaga01,23,SFG,4,114,75,114,91,0,0,17,0,0,0,26,34,19,74,22,9
391,Mike Thompson\thompmi01,25,ATL,4,16,10,16,16,16,0,0,0,0,0,0,0,0,0,0,0
392,Andre Thornton\thornan01,25,CHC,3,120,107,120,114,0,0,113,0,2,0,0,0,0,0,11,0
393,Bobby Tolan\tolanbo01,29,SDP,10,147,124,147,134,0,0,27,0,0,0,94,13,20,120,15,3
394,Dave Tomlin\tomlida01,26,SDP,4,67,0,67,67,67,0,0,0,0,0,0,0,0,0,0,0
395,Tommy Toms\tomsto01,23,SFG,1st,7,0,7,7,7,0,0,0,0,0,0,0,0,0,0,0
396,Joe Torre\torrejo01,34,NYM,16,114,89,114,99,0,0,25,0,82,0,0,0,0,0,24,0
397,Pablo Torrealba\torrepa01,27,ATL,1st,6,0,6,6,6,0,0,0,0,0,0,0,0,0,0,0
398,Hector Torres\torrehe01,29,SDP,7,112,90,112,111,0,0,0,16,42,75,0,0,0,0,2,6
399,Manny Trillo\trillma01,24,CHC,3,154,150,154,153,0,0,0,153,0,1,0,0,0,0,1,0
400,Jerry Turner\turneje01,21,SDP,2,11,4,11,4,0,0,0,0,0,0,4,0,0,4,7,0
401,Wayne Twitchell\twitcwa01,27,PHI,6,36,20,36,36,36,0,0,0,0,0,0,0,0,0,0,0
402,Jim Tyrone\tyronji01,26,CHC,3,11,4,11,8,0,0,0,0,0,0,8,0,0,8,7,0
403,Mike Tyson\tysonmi01,25,STL,4,122,102,122,117,0,0,0,23,5,96,0,0,0,0,2,4
404,Tom Underwood\underto01,21,PHI,2,35,35,35,35,35,0,0,0,0,0,0,0,0,0,0,0
405,Del Unser\unserde01,30,NYM,8,147,129,147,145,0,0,0,0,0,0,0,145,0,145,7,3
406,Mike Vail\vailmi01,23,NYM,1st,38,36,38,36,0,0,0,0,0,0,35,1,0,36,2,0
407,Bobby Valentine\valenbo02,25,SDP,6,7,4,7,4,0,0,0,0,0,0,4,0,0,4,3,0
408,Ellis Valentine\valenel01,20,MON,1st,12,8,12,11,0,0,0,0,0,0,0,0,11,11,2,0
409,John Vukovich\vukovjo01,27,CIN,5,31,14,31,31,0,0,0,0,31,0,0,0,0,0,0,0
410,Stan Wall\wallst01,24,LAD,1st,10,0,10,10,10,0,0,0,0,0,0,0,0,0,0,0
411,Mike Wallace\wallami01,24,STL,3,9,0,9,9,9,0,0,0,0,0,0,0,0,0,0,0
412,Joe Wallis\wallijo01,23,CHC,1st,16,12,16,16,0,0,0,0,0,0,1,14,1,16,3,0
413,Dan Warthen\warthda01,22,MON,1st,40,18,40,40,40,0,0,0,0,0,0,0,0,0,0,0
414,Bob Watson\watsobo01,29,HOU,10,132,124,132,126,0,0,118,0,0,0,9,0,0,9,8,0
415,Eddie Watt\watted01,34,CHC,10,6,0,6,6,6,0,0,0,0,0,0,0,0,0,0,0
416,Hank Webb\webbha01,25,NYM,4,31,15,31,29,29,0,0,0,0,0,0,0,0,0,0,2
417,Don Werner\wernedo01,22,CIN,1st,7,2,7,7,0,7,0,0,0,0,0,0,0,0,1,1
418,Jerry White\whiteje01,22,MON,2,39,25,39,30,0,0,0,0,0,0,7,25,0,30,4,8
419,Milt Wilcox\wilcomi01,25,CHC,6,25,0,25,25,25,0,0,0,0,0,0,0,0,0,0,0
420,Charlie Williams\willich01,27,SFG,5,55,2,55,55,55,0,0,0,0,0,0,0,0,0,0,0
421,Earl Williams\williea02,26,ATL,6,111,99,111,100,0,11,90,0,0,0,0,0,0,0,12,0
422,Dave Winfield\winfida01,23,SDP,3,143,137,143,138,0,0,0,0,0,0,0,0,138,138,2,4
423,Jim Wynn\wynnji01,33,LAD,13,130,115,130,120,0,0,0,0,0,0,23,105,0,120,13,1
424,Steve Yeager\yeagest01,26,LAD,4,135,130,135,135,0,135,0,0,0,0,0,0,0,0,0,0
425,Jim York\yorkji01,27,HOU,6,19,4,19,19,19,0,0,0,0,0,0,0,0,0,0,0
426,Geoff Zahn\zahnge01,29,2TM,3,18,10,18,18,18,0,0,0,0,0,0,0,0,0,0,0
427,Oscar Zamora\zamoros01,30,CHC,2,52,0,52,52,52,0,0,0,0,0,0,0,0,0,0,0
428,Richie Zisk\ziskri01,26,PIT,5,147,138,147,140,0,0,0,0,0,0,140,0,0,140,7,0