Rk,Name,Age,Tm,Yrs,G,GS,Batting,Defense,P,C,1B,2B,3B,SS,LF,CF,RF,OF,PH,PR
1,Jim Adduci\adducji01,23,STL,1st,10,5,10,7,0,0,6,0,0,0,1,0,0,1,3,0
2,Luis Aguayo\aguaylu01,24,PHI,4,2,1,2,2,0,0,0,0,0,2,0,0,0,0,0,0
3,Neil Allen\allenne01,25,2TM,5,46,22,46,46,46,0,0,0,0,0,0,0,0,0,0,0
4,Porfi Altamirano\altampo01,31,PHI,2,31,0,31,31,31,0,0,0,0,0,0,0,0,0,0,0
5,Larry Andersen\anderla02,30,PHI,6,17,0,17,17,17,0,0,0,0,0,0,0,0,0,0,0
6,Dave Anderson\anderda02,22,LAD,1st,61,30,61,54,0,0,0,0,1,53,0,0,0,0,3,9
7,Joaquin Andujar\andujjo01,30,STL,8,39,34,39,39,39,0,0,0,0,0,0,0,0,0,0,0
8,Alan Ashby\ashbyal01,31,HOU,11,87,78,87,85,0,85,0,0,0,0,0,0,0,0,6,0
9,Tucker Ashford\ashfotu01,28,NYM,6,35,11,35,26,0,1,0,13,15,0,0,0,0,0,13,1
10,Wally Backman\backmwa01,23,NYM,4,26,5,26,16,0,0,0,13,2,1,0,0,0,0,16,1
11,Bob Bailor\bailobo01,31,NYM,9,118,85,118,111,0,0,0,50,11,76,2,0,1,3,10,9
12,Doug Bair\bairdo01,33,STL,8,26,0,26,26,26,0,0,0,0,0,0,0,0,0,0,0
13,Dusty Baker\bakerdu01,34,LAD,16,149,142,149,143,0,0,0,0,0,0,143,0,0,143,6,0
14,Steve Baker\bakerst01,26,STL,4,8,0,8,8,8,0,0,0,0,0,0,0,0,0,0,0
15,Greg Bargar\bargagr01,24,MON,1st,8,3,8,8,8,0,0,0,0,0,0,0,0,0,0,0
16,Len Barker\barkele01,27,ATL,8,6,6,6,6,6,0,0,0,0,0,0,0,0,0,0,0
17,Skeeter Barnes\barnesk01,26,CIN,1st,15,8,15,14,0,0,7,0,7,0,0,0,0,0,3,1
18,Jim Barr\barrji01,35,SFG,12,53,0,53,53,53,0,0,0,0,0,0,0,0,0,0,0
19,Kevin Bass\basske01,24,HOU,2,88,34,88,53,0,0,0,0,0,0,0,6,47,53,45,3
20,Joe Beckwith\beckwjo01,28,LAD,4,42,3,42,42,42,0,0,0,0,0,0,0,0,0,0,0
21,Steve Bedrosian\bedrost01,25,ATL,3,70,1,70,70,70,0,0,0,0,0,0,0,0,0,0,0
22,Rick Behenna\behenri01,23,ATL,1st,14,6,14,14,14,0,0,0,0,0,0,0,0,0,0,0
23,Rafael Belliard\bellira01,21,PIT,2,4,1,4,3,0,0,0,0,0,3,0,0,0,0,0,1
24,Johnny Bench\benchjo01,35,CIN,17,110,73,110,77,0,5,32,0,42,0,1,0,0,1,34,0
25,Bruce Benedict\benedbr01,27,ATL,6,134,128,134,134,0,134,0,0,0,0,0,0,0,0,0,0
26,Bruce Berenyi\berenbr01,28,CIN,4,32,31,32,32,32,0,0,0,0,0,0,0,0,0,0,0
27,Dave Bergman\bergmda01,30,SFG,8,90,27,90,53,0,0,49,0,0,0,6,0,0,6,49,0
28,Dale Berra\berrada01,26,PIT,7,161,160,161,161,0,0,0,0,0,161,0,0,0,0,0,0
29,Kurt Bevacqua\bevacku01,36,SDP,13,74,27,74,48,0,0,27,0,12,0,9,0,3,12,39,0
30,Jim Bibby\bibbyji01,38,PIT,11,29,12,29,29,29,0,0,0,0,0,0,0,0,0,0,0
31,Dann Bilardello\bilarda01,24,CIN,1st,109,90,109,105,0,105,0,0,0,0,0,0,0,0,6,0
32,Mike Bishop\bishomi01,24,NYM,1st,3,3,3,3,0,3,0,0,0,0,0,0,0,0,0,0
33,George Bjorkman\bjorkge01,26,HOU,1st,29,25,29,29,0,29,0,0,0,0,0,0,0,0,0,1
34,Tim Blackwell\blackti01,30,MON,10,6,4,6,5,0,5,0,0,0,0,0,0,0,0,1,0
35,Bruce Bochy\bochybr01,28,SDP,5,23,8,23,11,0,11,0,0,0,0,0,0,0,0,12,0
36,Tommy Boggs\boggsto01,27,ATL,8,5,0,5,5,5,0,0,0,0,0,0,0,0,0,0,0
37,Juan Bonilla\bonilju01,27,SDP,3,152,147,152,149,0,0,0,149,0,0,0,0,0,0,4,0
38,Greg Booker\bookegr01,23,SDP,1st,6,1,6,6,6,0,0,0,0,0,0,0,0,0,0,0
39,Rich Bordi\bordiri01,24,CHC,4,11,1,11,11,11,0,0,0,0,0,0,0,0,0,0,0
40,Thad Bosley\bosleth01,26,CHC,7,43,12,43,21,0,0,0,0,0,0,17,1,3,21,26,2
41,Larry Bowa\bowala01,37,CHC,14,147,141,147,145,0,0,0,0,0,145,0,0,0,0,4,0
42,Mark Bradley\bradlma01,26,NYM,3,73,18,73,34,0,0,0,0,0,0,13,7,16,34,36,11
43,Steve Braun\braunst01,35,STL,13,78,13,78,26,0,0,0,0,3,0,19,0,5,23,61,0
44,Sid Bream\breamsi01,22,LAD,1st,15,0,15,4,0,0,4,0,0,0,0,0,0,0,11,0
45,Fred Breining\breinfr01,27,SFG,4,32,32,32,32,32,0,0,0,0,0,0,0,0,0,0,0
46,Bob Brenly\brenlbo01,29,SFG,3,104,78,104,100,0,90,10,0,0,0,1,0,1,2,16,4
47,Tony Brizzolara\brizzto01,26,ATL,2,14,0,14,14,14,0,0,0,0,0,0,0,0,0,0,0
48,Greg Brock\brockgr01,26,LAD,2,146,129,146,140,0,0,140,0,0,0,0,0,0,0,7,0
49,Hubie Brooks\brookhu01,26,NYM,4,150,143,150,148,0,0,0,7,145,0,0,0,0,0,3,0
50,Bobby Brown\brownbo04,29,SDP,5,57,54,57,54,0,0,0,0,0,0,52,4,0,54,3,0
51,Glenn Brummer\brummgl01,28,STL,3,45,25,45,41,0,41,0,0,0,0,0,0,0,0,5,2
52,Warren Brusstar\brusswa01,31,CHC,7,59,0,59,59,59,0,0,0,0,0,0,0,0,0,0,0
53,Bill Buckner\bucknbi01,33,CHC,15,153,149,153,153,0,0,144,0,0,0,15,0,0,15,2,0
54,Ray Burris\burrira01,32,MON,11,40,17,40,40,40,0,0,0,0,0,0,0,0,0,0,0
55,Brett Butler\butlebr01,26,ATL,3,151,130,151,143,0,0,0,0,0,0,109,39,4,143,6,7
56,Marty Bystrom\bystrma01,24,PHI,4,24,23,24,24,24,0,0,0,0,0,0,0,0,0,0,0
57,Mark Calvert\calvema01,26,SFG,1st,18,4,18,18,18,0,0,0,0,0,0,0,0,0,0,0
58,Rick Camp\campri01,30,ATL,7,40,16,40,40,40,0,0,0,0,0,0,0,0,0,0,0
59,Bill Campbell\campbbi02,34,CHC,11,82,0,82,82,82,0,0,0,0,0,0,0,0,0,0,0
60,John Candelaria\candejo01,29,PIT,9,33,32,33,33,33,0,0,0,0,0,0,0,0,0,0,0
61,Steve Carlton\carltst01,38,PHI,19,37,37,37,37,37,0,0,0,0,0,0,0,0,0,0,0
62,Don Carman\carmado01,23,PHI,1st,1,0,1,1,1,0,0,0,0,0,0,0,0,0,0,0
63,Gary Carter\cartega01,29,MON,10,145,142,145,144,0,144,1,0,0,0,0,0,0,0,2,0
64,Joe Carter\cartejo01,23,CHC,1st,23,13,23,16,0,0,0,0,0,0,14,2,1,16,5,5
65,Keefe Cato\catoke01,25,CIN,1st,4,0,4,4,4,0,0,0,0,0,0,0,0,0,0,0
66,Cesar Cedeno\cedence01,32,CIN,14,98,85,98,88,0,0,17,0,0,0,0,2,72,73,11,0
67,Ron Cey\ceyro01,35,CHC,13,159,157,159,157,0,0,0,0,157,0,0,0,0,0,2,0
68,Chris Chambliss\chambch01,34,ATL,13,131,122,131,126,0,0,126,0,0,0,0,0,0,0,9,0
69,Floyd Chiffer\chifffl01,27,SDP,2,15,0,15,15,15,0,0,0,0,0,0,0,0,0,0,0
70,Mike Chris\chrismi01,25,SFG,3,7,0,7,7,7,0,0,0,0,0,0,0,0,0,1,0
71,Larry Christenson\chrisla01,29,PHI,11,9,9,9,9,9,0,0,0,0,0,0,0,0,0,0,0
72,Steve Christmas\chrisst01,25,CIN,1st,9,4,9,7,0,7,0,0,0,0,0,0,0,0,4,0
73,Ralph Citarella\citarra01,25,STL,1st,6,0,6,6,6,0,0,0,0,0,0,0,0,0,0,0
74,Jack Clark\clarkja01,27,SFG,9,135,134,135,134,0,0,2,0,0,0,0,0,133,133,1,0
75,Steve Comer\comerst01,29,PHI,6,3,1,3,3,3,0,0,0,0,0,0,0,0,0,0,0
76,Dave Concepcion\conceda01,35,CIN,14,143,137,143,142,0,0,1,0,7,140,0,0,0,0,3,1
77,Fritzie Connally\connafr02,25,CHC,1st,8,1,8,3,0,0,0,0,3,0,0,0,0,0,7,0
78,Tim Corcoran\corcoti01,30,PHI,6,3,0,3,3,0,0,3,0,0,0,0,0,0,0,0,0
79,Mike Couchee\couchmi01,25,SDP,1st,8,0,8,8,8,0,0,0,0,0,0,0,0,0,0,0
80,Danny Cox\coxda01,23,STL,1st,12,12,12,12,12,0,0,0,0,0,0,0,0,0,0,0
81,Warren Cromartie\cromawa01,29,MON,9,120,92,120,102,0,0,1,0,0,0,0,0,101,101,28,0
82,Terry Crowley\crowlte01,36,MON,15,50,2,50,4,0,0,4,0,0,0,0,0,0,0,47,0
83,Jose Cruz\cruzjo01,35,HOU,14,160,158,160,160,0,0,0,0,0,0,160,0,0,160,2,0
84,Ron Darling\darliro01,22,NYM,1st,5,5,5,5,5,0,0,0,0,0,0,0,0,0,0,0
85,Darren Daulton\daultda01,21,PHI,1st,2,1,2,2,0,2,0,0,0,0,0,0,0,0,0,0
86,Chili Davis\davisch01,23,SFG,3,137,127,137,133,0,0,0,0,0,0,0,121,12,133,5,2
87,Gerry Davis\davisge03,24,SDP,1st,5,4,5,5,0,0,0,0,0,0,0,0,5,5,0,0
88,Jody Davis\davisjo02,26,CHC,3,151,140,151,150,0,150,0,0,0,0,0,0,0,0,2,0
89,Mark Davis\davisma01,22,SFG,3,20,20,20,20,20,0,0,0,0,0,0,0,0,0,0,0
90,Bill Dawley\dawlebi01,25,HOU,1st,48,0,48,48,48,0,0,0,0,0,0,0,0,0,0,0
91,Andre Dawson\dawsoan01,28,MON,8,159,157,159,157,0,0,0,0,0,0,0,157,0,157,2,0
92,Ken Dayley\dayleke01,24,ATL,2,25,16,25,24,24,0,0,0,0,0,0,0,0,0,0,1
93,Ivan de Jesus\dejesiv01,30,PHI,10,158,158,158,158,0,0,0,0,0,158,0,0,0,0,0,0
94,Marty Decker\deckema01,26,SDP,1st,4,0,4,4,4,0,0,0,0,0,0,0,0,0,0,0
95,Jeff Dedmon\dedmoje01,23,ATL,1st,5,0,5,5,5,0,0,0,0,0,0,0,0,0,0,0
96,Jose DeLeon\deleojo01,22,PIT,1st,15,15,15,15,15,0,0,0,0,0,0,0,0,0,0,0
97,Luis DeLeon\deleolu01,24,SDP,3,65,0,65,63,63,0,0,0,0,0,0,0,0,0,0,2
98,John Denny\dennyjo01,30,PHI,10,36,36,36,36,36,0,0,0,0,0,0,0,0,0,0,0
99,Bob Dernier\dernibo01,26,PHI,4,122,56,122,106,0,0,0,0,0,0,11,68,31,106,4,29
100,Bo Diaz\diazbo01,30,PHI,7,136,125,136,134,0,134,0,0,0,0,0,0,0,0,6,0
101,Carlos Diaz\diazca01,25,NYM,2,54,0,54,54,54,0,0,0,0,0,0,0,0,0,0,0
102,Mike Diaz\diazmi01,23,CHC,1st,6,0,6,3,0,3,0,0,0,0,0,0,0,0,3,1
103,Miguel Dilone\dilonmi01,28,PIT,10,7,0,7,0,0,0,0,0,0,0,0,0,0,0,0,7
104,Frank DiPino\dipinfr01,26,HOU,3,53,0,53,53,53,0,0,0,0,0,0,0,0,0,0,0
105,Tom Dixon\dixonto01,28,MON,4,4,0,4,4,4,0,0,0,0,0,0,0,0,0,0,0
106,Bill Doran\doranbi02,25,HOU,2,154,151,154,153,0,0,0,153,0,0,0,0,0,0,3,0
107,Jeff Doyle\doyleje02,26,STL,1st,13,9,13,12,0,0,0,12,0,0,0,0,0,0,1,2
108,Dave Dravecky\draveda01,27,SDP,2,28,28,28,28,28,0,0,0,0,0,0,0,0,0,0,0
109,Dan Driessen\driesda01,31,CIN,11,122,110,122,112,0,0,112,0,0,0,0,0,0,0,10,0
110,Leon Durham\durhale01,25,CHC,4,100,97,100,99,0,0,6,0,0,0,51,40,4,95,2,0
111,Mike Easler\easlemi01,32,PIT,10,115,97,115,105,0,0,0,0,0,0,105,0,0,105,17,0
112,Nick Esasky\esaskni01,23,CIN,1st,85,83,85,84,0,0,0,0,84,0,0,0,0,0,2,0
113,Cecil Espy\espyce01,20,LAD,1st,20,1,20,15,0,0,0,0,0,0,0,15,0,15,2,5
114,Darrell Evans\evansda01,36,SFG,15,142,138,142,140,0,0,113,0,32,9,0,0,0,0,2,0
115,Pete Falcone\falcope01,29,ATL,9,33,15,33,33,33,0,0,0,0,0,0,0,0,0,0,0
116,Ed Farmer\farmeed01,33,PHI,11,12,3,12,12,12,0,0,0,0,0,0,0,0,0,0,0
117,Sid Fernandez\fernasi01,20,LAD,1st,2,1,2,2,2,0,0,0,0,0,0,0,0,0,0,0
118,Jack Fimple\fimplja01,24,LAD,1st,54,48,54,54,0,54,0,0,0,0,0,0,0,0,0,0
119,Steve Fireovid\fireost01,26,SDP,2,3,0,3,3,3,0,0,0,0,0,0,0,0,0,0,0
120,Mike Fitzgerald\fitzgmi02,22,NYM,1st,8,7,8,8,0,8,0,0,0,0,0,0,0,0,0,0
121,Tim Flannery\flannti01,25,SDP,5,92,57,92,77,0,0,0,21,52,7,0,0,0,0,24,0
122,Doug Flynn\flynndo01,32,MON,9,143,134,143,141,0,0,0,106,0,38,0,0,0,0,0,2
123,Tom Foley\foleyto02,23,CIN,1st,68,24,68,42,0,0,0,5,0,37,0,0,0,0,24,6
124,Bob Forsch\forscbo01,33,STL,10,37,30,37,34,34,0,0,0,0,0,0,0,0,0,1,2
125,Terry Forster\forstte01,31,ATL,13,56,0,56,56,56,0,0,0,0,0,0,0,0,0,0,0
126,George Foster\fostege01,34,NYM,15,157,151,157,153,0,0,0,0,0,0,153,0,0,153,6,0
127,Terry Francona\francte01,24,MON,3,120,41,120,87,0,0,47,0,0,0,14,3,36,51,41,0
128,Doug Frobel\frobedo01,24,PIT,2,32,15,32,24,0,0,0,0,0,0,18,0,6,24,6,3
129,Woodie Fryman\frymawo01,43,MON,18,6,0,6,6,6,0,0,0,0,0,0,0,0,0,0,0
130,Mike Fuentes\fuentmi02,25,MON,1st,6,0,6,0,0,0,0,0,0,0,0,0,0,0,4,2
131,Brent Gaff\gaffbr01,24,NYM,2,4,0,4,4,4,0,0,0,0,0,0,0,0,0,0,0
132,Rich Gale\galeri01,29,CIN,6,33,7,33,33,33,0,0,0,0,0,0,0,0,0,0,0
133,Gene Garber\garbege01,35,ATL,14,43,0,43,43,43,0,0,0,0,0,0,0,0,0,0,0
134,Kiko Garcia\garciki01,29,PHI,8,84,32,84,80,0,0,0,52,11,22,0,0,0,0,4,3
135,Ron Gardenhire\gardero01,25,NYM,3,17,10,17,15,0,0,0,0,0,15,0,0,0,0,1,2
136,Phil Garner\garneph01,34,HOU,11,154,153,154,154,0,0,0,0,154,0,0,0,0,0,1,0
137,Scott Garrelts\garresc01,21,SFG,2,5,5,5,5,5,0,0,0,0,0,0,0,0,0,0,0
138,Steve Garvey\garvest01,34,SDP,15,100,100,100,100,0,0,100,0,0,0,0,0,0,0,0,0
139,Tony Ghelfi\ghelfto01,21,PHI,1st,3,3,3,3,3,0,0,0,0,0,0,0,0,0,0,0
140,Brian Giles\gilesbr01,23,NYM,3,145,121,145,141,0,0,0,140,0,11,0,0,0,0,6,5
141,Dan Gladden\gladdda01,25,SFG,1st,18,16,18,18,0,0,0,0,0,0,0,17,1,18,1,1
142,Tom Gorman\gormato03,25,NYM,3,25,4,25,25,25,0,0,0,0,0,0,0,0,0,0,0
143,Tom Grant\grantto01,26,CHC,1st,16,2,16,10,0,0,0,0,0,0,5,0,5,10,8,0
144,Rick Grapenthin\graperi01,25,MON,1st,1,0,1,1,1,0,0,0,0,0,0,0,0,0,0,0
145,David Green\greenda03,22,STL,3,146,97,146,136,0,0,0,0,0,0,20,19,100,136,22,5
146,Greg Gross\grossgr01,30,PHI,11,136,51,136,112,0,0,1,0,0,0,78,28,26,111,46,0
147,Kevin Gross\grosske01,22,PHI,1st,17,17,17,17,17,0,0,0,0,0,0,0,0,0,0,0
148,Cecilio Guante\guantce01,23,PIT,2,49,0,49,49,49,0,0,0,0,0,0,0,0,0,0,0
149,Pedro Guerrero\guerrpe01,27,LAD,6,160,157,160,158,0,0,2,0,157,0,0,0,0,0,3,0
150,Bill Gullickson\gullibi01,24,MON,5,34,34,34,34,34,0,0,0,0,0,0,0,0,0,0,0
151,Doug Gwosdz\gwosddo01,23,SDP,3,39,13,39,32,0,32,0,0,0,0,0,0,0,0,7,5
152,Tony Gwynn\gwynnto01,23,SDP,2,86,78,86,81,0,0,0,0,0,0,27,5,55,81,6,1
153,Kevin Hagen\hagenke01,23,STL,1st,9,4,9,9,9,0,0,0,0,0,0,0,0,0,0,0
154,Albert Hall\hallal02,25,ATL,3,10,2,10,4,0,0,0,0,0,0,4,1,0,4,1,6
155,Mel Hall\hallme01,22,CHC,3,112,103,112,112,0,0,0,0,0,0,5,108,0,112,4,1
156,Atlee Hammaker\hammaat01,25,SFG,3,23,23,23,23,23,0,0,0,0,0,0,0,0,0,0,0
157,Alan Hargesheimer\hargeal01,28,CHC,3,5,0,5,5,5,0,0,0,0,0,0,0,0,0,0,0
158,Brian Harper\harpebr01,23,PIT,4,61,27,61,35,0,0,1,0,0,0,34,0,1,35,28,1
159,Terry Harper\harpete01,27,ATL,4,80,46,80,60,0,0,0,0,0,0,27,2,32,60,24,3
160,Greg Harris\harrigr01,27,CIN,3,1,0,1,1,1,0,0,0,0,0,0,0,0,0,0,0
161,Andy Hawkins\hawkian01,23,SDP,2,21,19,21,21,21,0,0,0,0,0,0,0,0,0,0,0
162,Ben Hayes\hayesbe01,25,CIN,2,60,0,60,60,60,0,0,0,0,0,0,0,0,0,0,0
163,Von Hayes\hayesvo01,24,PHI,3,124,86,124,103,0,0,0,0,0,0,3,39,77,103,27,5
164,Jeff Heathcock\heathje02,23,HOU,1st,6,3,6,6,6,0,0,0,0,0,0,0,0,0,0,0
165,Richie Hebner\hebneri01,35,PIT,16,78,34,78,52,0,0,7,0,40,0,2,0,5,7,30,1
166,Danny Heep\heepda01,25,NYM,5,115,54,115,73,0,0,14,0,0,0,11,19,31,61,50,1
167,George Hendrick\hendrge01,33,STL,13,144,136,144,141,0,0,92,0,0,0,0,0,51,51,6,0
168,Keith Hernandez\hernake01,29,2TM,10,150,142,150,144,0,0,144,0,0,0,0,0,0,0,6,0
169,Willie Hernandez\hernawi01,28,2TM,7,74,1,74,74,74,0,0,0,0,0,0,0,0,0,0,1
170,Tom Herr\herrto01,27,STL,5,89,83,89,86,0,0,0,86,0,0,0,0,0,0,5,0
171,Orel Hershiser\hershor01,24,LAD,1st,8,0,8,8,8,0,0,0,0,0,0,0,0,0,0,0
172,George Hinshaw\hinshge01,23,SDP,2,7,4,7,5,0,0,0,1,5,0,0,0,0,0,0,2
173,Ron Hodges\hodgero01,34,NYM,11,110,73,110,96,0,96,0,0,0,0,0,0,0,0,20,0
174,Al Holland\hollaal01,30,PHI,6,68,0,68,68,68,0,0,0,0,0,0,0,0,0,0,0
175,Scott Holman\holmasc01,24,NYM,3,35,10,35,35,35,0,0,0,0,0,0,0,0,0,0,0
176,Rick Honeycutt\honeyri01,29,LAD,7,9,7,9,9,9,0,0,0,0,0,0,0,0,0,0,0
177,Burt Hooton\hootobu01,33,LAD,13,33,27,33,33,33,0,0,0,0,0,0,0,0,0,0,0
178,Bob Horner\hornebo01,25,ATL,6,104,104,104,104,0,0,1,0,104,0,0,0,0,0,0,0
179,Paul Householder\housepa02,24,CIN,4,123,95,123,112,0,0,0,0,0,0,6,35,81,112,21,0
180,Mike Howard\howarmi01,25,NYM,3,1,1,1,1,0,0,0,0,0,0,0,0,1,1,0,0
181,Steve Howe\howest01,25,LAD,4,46,0,46,46,46,0,0,0,0,0,0,0,0,0,0,0
182,Glenn Hubbard\hubbagl01,25,ATL,6,148,144,148,148,0,0,0,148,0,0,0,0,0,0,1,0
183,Charles Hudson\hudsoch02,24,PHI,1st,27,26,27,26,26,0,0,0,0,0,0,0,0,0,0,1
184,Tom Hume\humeto01,30,CIN,7,48,0,48,48,48,0,0,0,0,0,0,0,0,0,0,0
185,Clint Hurdle\hurdlcl01,25,NYM,7,13,9,13,10,0,0,0,0,9,0,0,0,1,1,4,0
186,Dane Iorg\iorgda01,33,STL,7,58,28,58,33,0,0,11,0,0,0,10,0,13,22,28,0
187,Brook Jacoby\jacobbr01,23,ATL,2,4,2,4,2,0,0,0,0,2,0,0,0,0,0,2,0
188,Bob James\jamesbo01,24,MON,4,27,0,27,27,27,0,0,0,0,0,0,0,0,0,0,0
189,Steve Jeltz\jeltzst01,24,PHI,1st,13,1,13,8,0,0,0,4,2,2,0,0,0,0,4,2
190,Fergie Jenkins\jenkife01,40,CHC,19,33,29,33,33,33,0,0,0,0,0,0,0,0,0,0,0
191,Bill Johnson\johnsbi04,22,CHC,1st,10,0,10,10,10,0,0,0,0,0,0,0,0,0,0,0
192,Randy Johnson\johnsra04,27,ATL,2,86,30,86,56,0,0,0,4,53,0,0,0,0,0,32,9
193,Wallace Johnson\johnswa03,26,2TM,3,10,1,10,1,0,0,0,1,0,0,0,0,0,0,8,1
194,Jay Johnstone\johnsja01,37,CHC,18,86,32,86,44,0,0,0,0,0,0,36,0,8,44,46,1
195,Jeff Jones\jonesje02,25,CIN,1st,16,13,16,14,0,0,1,0,0,0,8,0,5,13,3,0
196,Ruppert Jones\jonesru01,28,SDP,8,133,85,133,115,0,0,5,0,0,0,0,112,0,112,23,5
197,Mike Jorgensen\jorgemi01,34,2TM,15,95,4,95,44,0,0,38,0,0,0,6,0,0,6,56,8
198,Jim Kaat\kaatji01,44,STL,25,24,0,24,24,24,0,0,0,0,0,0,0,0,0,0,0
199,Jeff Keener\keeneje01,24,STL,2,4,0,4,4,4,0,0,0,0,0,0,0,0,0,0,0
200,Junior Kennedy\kenneju01,32,CHC,7,17,4,17,12,0,0,0,7,4,1,0,0,0,0,3,5
201,Terry Kennedy\kennete02,27,SDP,6,149,145,149,147,0,143,4,0,0,0,0,0,0,0,4,0
202,Brian Kingman\kingmbr01,28,SFG,5,3,0,3,3,3,0,0,0,0,0,0,0,0,0,0,0
203,Dave Kingman\kingmda01,34,NYM,13,100,55,100,55,0,0,50,0,0,0,0,0,5,5,45,0
204,Bob Knepper\kneppbo01,29,HOU,8,35,29,35,35,35,0,0,0,0,0,0,0,0,0,0,0
205,Alan Knicely\kniceal01,28,CIN,5,59,23,59,40,0,31,2,0,0,0,3,0,5,8,21,0
206,Ray Knight\knighra01,30,HOU,8,145,141,145,143,0,0,143,0,0,0,0,0,0,0,4,0
207,Brad Komminsk\kommibr01,22,ATL,1st,19,9,19,13,0,0,0,0,0,0,1,0,12,13,9,0
208,Wayne Krenchicki\krencwa01,28,CIN,5,51,17,51,40,0,0,0,1,39,0,0,0,0,0,12,6
209,Mike Krukow\krukomi01,31,SFG,8,31,31,31,31,31,0,0,0,0,0,0,0,0,0,0,0
210,Duane Kuiper\kuipedu01,33,SFG,10,72,57,72,64,0,0,0,64,0,0,0,0,0,0,12,0
211,Frank LaCorte\lacorfr01,31,HOU,9,37,0,37,37,37,0,0,0,0,0,0,0,0,0,0,0
212,Mike LaCoss\lacosmi01,27,HOU,6,38,17,38,38,38,0,0,0,0,0,0,0,0,0,0,0
213,Lee Lacy\lacyle01,35,PIT,12,108,60,108,100,0,0,0,0,0,0,59,24,29,100,23,9
214,Jeff Lahti\lahtije01,26,STL,2,53,0,53,53,53,0,0,0,0,0,0,0,0,0,0,0
215,Steve Lake\lakest01,26,CHC,1st,38,21,38,32,0,32,0,0,0,0,0,0,0,0,6,0
216,Rafael Landestoy\landera01,30,2TM,7,71,5,71,39,0,0,2,14,11,1,7,1,3,11,33,9
217,Ken Landreaux\landrke01,28,LAD,7,141,125,141,137,0,0,0,0,0,0,8,131,2,137,5,2
218,Tito Landrum\landrti01,28,STL,4,6,0,6,4,0,0,0,0,0,0,3,0,1,4,4,1
219,Joe Lansford\lansfjo01,22,SDP,2,12,0,12,8,0,0,8,0,0,0,0,0,0,0,6,0
220,Dave LaPoint\lapoida01,23,STL,4,37,29,37,37,37,0,0,0,0,0,0,0,0,0,0,0
221,Pat Larkin\larkipa01,23,SFG,1st,5,0,5,5,5,0,0,0,0,0,0,0,0,0,0,0
222,Bill Laskey\laskebi01,25,SFG,2,26,26,26,25,25,0,0,0,0,0,0,0,0,0,0,0
223,Gary Lavelle\lavelga01,34,SFG,10,56,0,56,56,56,0,0,0,0,0,0,0,0,0,0,0
224,Charlie Lea\leach01,26,MON,4,33,33,33,33,33,0,0,0,0,0,0,0,0,0,0,0
225,Tim Leary\learyti01,24,NYM,2,2,2,2,2,2,0,0,0,0,0,0,0,0,0,0,0
226,Joe Lefebvre\lefebjo01,27,2TM,4,119,65,119,92,0,4,0,0,13,0,21,0,64,80,42,1
227,Craig Lefferts\leffecr01,25,CHC,1st,56,5,56,56,56,0,0,0,0,0,0,0,0,0,0,0
228,Johnnie LeMaster\lemasjo01,29,SFG,9,141,136,141,139,0,0,0,0,0,139,0,0,0,0,1,1
229,Jeffrey Leonard\leonaje01,27,SFG,7,139,135,139,136,0,0,0,0,0,0,127,12,2,136,4,0
230,Randy Lerch\lerchra01,28,2TM,9,26,5,26,26,26,0,0,0,0,0,0,0,0,0,0,0
231,Brad Lesley\leslebr01,24,CIN,2,5,0,5,5,5,0,0,0,0,0,0,0,0,0,0,0
232,Sixto Lezcano\lezcasi01,29,2TM,10,115,96,115,106,0,0,0,0,0,0,2,2,103,106,18,1
233,Bryan Little\littlbr01,23,MON,2,106,91,106,103,0,0,0,51,0,65,0,0,0,0,3,4
234,Tim Lollar\lollati01,27,SDP,4,31,30,31,30,30,0,0,0,0,0,0,0,0,0,1,0
235,Scott Loucks\loucksc01,26,HOU,4,7,3,7,6,0,0,0,0,0,0,1,5,0,6,1,0
236,Jay Loviglio\lovigja01,27,CHC,4,1,0,1,0,0,0,0,0,0,0,0,0,0,0,1,0
237,Gary Lucas\lucasga01,28,SDP,4,62,0,62,62,62,0,0,0,0,0,0,0,0,0,0,0
238,Ed Lynch\lynched01,27,NYM,4,30,27,30,30,30,0,0,0,0,0,0,0,0,0,0,0
239,Bill Lyons\lyonsbi01,25,STL,1st,42,13,42,32,0,0,0,23,8,2,0,0,0,0,13,3
240,Mike Madden\maddemi01,26,HOU,1st,28,13,28,28,28,0,0,0,0,0,0,0,0,0,0,0
241,Garry Maddox\maddoga01,33,PHI,12,97,80,97,95,0,0,0,0,0,0,0,95,0,95,12,0
242,Bill Madlock\madlobi01,32,PIT,11,130,125,130,125,0,0,0,0,125,0,0,0,0,0,5,0
243,Rick Mahler\mahleri01,29,ATL,5,10,0,10,10,10,0,0,0,0,0,0,0,0,0,0,0
244,Candy Maldonado\maldoca01,22,LAD,3,42,14,42,33,0,0,0,0,0,0,12,3,19,33,10,3
245,Mike Marshall\marshmi02,23,LAD,3,140,130,140,135,0,0,33,0,0,0,0,0,109,109,8,0
246,John Martin\martijo05,27,STL,4,26,5,26,26,26,0,0,0,0,0,0,0,0,0,0,0
247,Renie Martin\martire01,27,SFG,5,37,6,37,37,37,0,0,0,0,0,0,0,0,0,0,0
248,Carmelo Martinez\martica01,22,CHC,1st,29,22,29,27,0,0,26,0,1,0,1,0,0,1,4,0
249,Gary Matthews\matthga01,32,PHI,12,132,120,132,122,0,0,0,0,0,0,122,0,0,122,12,0
250,Len Matuszek\matusle01,28,PHI,3,28,17,28,21,0,0,21,0,0,0,0,0,0,0,8,1
251,Milt May\maymi01,32,2TM,14,73,52,73,60,0,60,0,0,0,0,0,0,0,0,14,0
252,Lee Mazzilli\mazzile01,28,PIT,8,109,57,109,62,0,0,7,0,0,0,5,52,0,56,50,0
253,Andy McGaffigan\mcgafan01,26,SFG,3,43,15,43,43,43,0,0,0,0,0,0,0,0,0,0,0
254,Willie McGee\mcgeewi01,24,STL,2,147,139,147,145,0,0,0,0,0,0,0,145,0,145,3,1
255,Tug McGraw\mcgratu01,38,PHI,18,34,1,34,34,34,0,0,0,0,0,0,0,0,0,0,0
256,Craig McMurtry\mcmurcr01,23,ATL,1st,36,35,36,36,36,0,0,0,0,0,0,0,0,0,0,0
257,Kevin McReynolds\mcreyke01,23,SDP,1st,39,37,39,38,0,0,0,0,0,0,5,32,12,38,2,0
258,Larry McWilliams\mcwilla01,29,PIT,6,35,35,35,35,35,0,0,0,0,0,0,0,0,0,0,0
259,Larry Milbourne\milbola01,32,PHI,10,41,14,41,37,0,0,0,27,3,8,0,0,0,0,9,2
260,Brad Mills\millsbr01,26,MON,4,14,2,14,4,0,0,1,0,3,0,0,0,0,0,11,0
261,Eddie Milner\milneed01,28,CIN,4,146,129,146,139,0,0,0,0,0,0,0,139,0,139,11,1
262,Greg Minton\mintogr01,31,SFG,9,73,0,73,73,73,0,0,0,0,0,0,0,0,0,0,0
263,John Mizerock\mizerjo01,22,HOU,1st,33,30,33,33,0,33,0,0,0,0,0,0,0,0,0,0
264,Bob Molinaro\molinbo01,33,PHI,8,19,0,19,0,0,0,0,0,0,0,0,0,0,0,19,0
265,Rick Monday\mondari01,37,LAD,18,99,40,99,48,0,0,4,0,0,0,14,0,31,44,55,0
266,Sid Monge\mongesi01,32,2TM,9,61,0,61,61,61,0,0,0,0,0,0,0,0,0,0,0
267,John Montefusco\montejo01,33,SDP,10,31,10,31,31,31,0,0,0,0,0,0,0,0,0,0,0
268,Donnie Moore\mooredo01,29,ATL,8,43,0,43,43,43,0,0,0,0,0,0,0,0,0,0,0
269,Jerry Morales\moralje01,34,CHC,15,63,12,63,29,0,0,0,0,0,0,17,10,3,29,47,1
270,Jose Morales\moraljo01,38,LAD,11,47,4,47,4,0,0,4,0,0,0,0,0,0,0,43,0
271,Keith Moreland\morelke01,29,CHC,6,154,151,154,152,0,3,0,0,0,0,0,0,151,151,3,0
272,Omar Moreno\morenom01,30,HOU,9,97,94,97,97,0,0,0,0,0,0,0,97,0,97,1,0
273,Joe Morgan\morgajo02,39,PHI,21,123,109,123,117,0,0,0,117,0,0,0,0,0,0,13,0
274,Jim Morrison\morriji01,30,PIT,7,66,34,66,55,0,0,0,27,26,7,0,0,0,0,18,2
275,Paul Moskau\moskapa01,29,CHC,7,8,8,8,8,8,0,0,0,0,0,0,0,0,0,0,0
276,Jerry Mumphrey\mumphje01,30,HOU,10,44,43,44,43,0,0,0,0,0,0,0,43,0,43,1,0
277,Dale Murphy\murphda05,27,ATL,8,162,158,162,160,0,0,0,0,0,0,28,136,2,160,2,0
278,Rich Murray\murrari01,25,SFG,2,4,2,4,3,0,0,3,0,0,0,0,0,0,0,1,0
279,Steve Nicosia\nicosst01,27,2TM,6,36,20,36,24,0,24,0,0,0,0,0,0,0,0,11,1
280,Tom Niedenfuer\niedeto01,23,LAD,3,66,0,66,66,66,0,0,0,0,0,0,0,0,0,0,0
281,Joe Niekro\niekrjo01,38,HOU,17,38,38,38,38,38,0,0,0,0,0,0,0,0,0,0,0
282,Phil Niekro\niekrph01,44,ATL,20,34,33,34,34,34,0,0,0,0,0,0,0,0,0,0,0
283,Randy Niemann\niemara01,27,PIT,4,8,1,8,8,8,0,0,0,0,0,0,0,0,0,0,0
284,Dickie Noles\nolesdi01,26,CHC,5,24,18,24,24,24,0,0,0,0,0,0,0,0,0,0,0
285,Wayne Nordhagen\nordhwa01,34,CHC,8,21,6,21,7,0,0,0,0,0,0,7,0,0,7,15,0
286,Tom O'Malley\o'malto01,22,SFG,2,135,112,135,117,0,0,0,0,117,0,0,0,0,0,19,1
287,Ken Oberkfell\oberkke01,27,STL,7,151,128,151,148,0,0,0,33,127,1,0,0,0,0,10,5
288,Ron Oester\oestero01,27,CIN,6,157,152,157,154,0,0,0,154,0,0,0,0,0,0,5,0
289,Al Oliver\oliveal01,36,MON,16,157,152,157,153,0,0,153,0,0,0,0,0,1,1,5,0
290,Jose Oquendo\oquenjo01,19,NYM,1st,120,104,120,116,0,0,0,0,0,116,0,0,0,0,1,6
291,Jesse Orosco\oroscje01,26,NYM,4,62,0,62,62,62,0,0,0,0,0,0,0,0,0,0,0
292,Joe Orsulak\orsuljo01,21,PIT,1st,7,1,7,4,0,0,0,0,0,0,0,4,0,4,3,1
293,Junior Ortiz\ortizju01,23,2TM,2,73,58,73,71,0,71,0,0,0,0,0,0,0,0,5,0
294,Bob Owchinko\owchibo01,28,PIT,8,1,0,1,1,1,0,0,0,0,0,0,0,0,0,0,0
295,Dave Owen\owenda01,25,CHC,1st,16,6,16,16,0,0,0,0,3,14,0,0,0,0,0,3
296,Larry Owen\owenla01,28,ATL,3,17,2,17,16,0,16,0,0,0,0,0,0,0,0,1,0
297,Rick Ownbey\ownberi01,25,NYM,2,12,4,12,10,10,0,0,0,0,0,0,0,0,0,0,2
298,Kelly Paris\pariske01,25,CIN,2,56,29,56,35,0,0,3,10,16,7,0,0,0,0,16,8
299,Dave Parker\parkeda01,32,PIT,11,144,139,144,142,0,0,0,0,0,0,0,0,142,142,2,0
300,Frank Pastore\pastofr01,25,CIN,5,36,29,36,36,36,0,0,0,0,0,0,0,0,0,0,0
301,Reggie Patterson\pattere01,24,CHC,2,5,2,5,5,5,0,0,0,0,0,0,0,0,0,0,0
302,Alejandro Pena\penaal01,24,LAD,3,34,26,34,34,34,0,0,0,0,0,0,0,0,0,0,0
303,Bert Pena\penabe01,23,HOU,2,4,3,4,4,0,0,0,0,0,4,0,0,0,0,0,0
304,Tony Pena\penato01,26,PIT,4,151,144,151,149,0,149,0,0,0,0,0,0,0,0,3,0
305,Pascual Perez\perezpa01,26,ATL,4,33,33,33,33,33,0,0,0,0,0,0,0,0,0,0,0
306,Tony Perez\perezto01,41,PHI,20,91,63,91,69,0,0,69,0,0,0,0,0,0,0,25,0
307,Gerald Perry\perryge01,22,ATL,1st,27,6,27,8,0,0,7,0,0,0,1,0,0,1,18,1
308,Joe Pettini\pettijo01,28,SFG,4,61,20,61,51,0,0,0,15,12,26,0,0,0,0,4,14
309,Mike Phillips\phillmi01,32,MON,11,5,0,5,5,0,0,0,0,2,3,0,0,0,0,0,1
310,Biff Pocoroba\pocorbi01,29,ATL,9,55,29,55,35,0,35,0,0,0,0,0,0,0,0,23,0
311,Darrell Porter\porteda02,31,STL,13,145,121,145,132,0,132,0,0,0,0,0,0,0,0,22,0
312,Ted Power\powerte01,28,CIN,3,49,6,49,49,49,0,0,0,0,0,0,0,0,0,0,0
313,Joe Price\pricejo02,26,CIN,4,21,21,21,21,21,0,0,0,0,0,0,0,0,0,0,0
314,Mike Proly\prolymi01,32,CHC,7,60,0,60,60,60,0,0,0,0,0,0,0,0,0,0,0
315,Ron Pruitt\pruitro01,31,SFG,9,1,0,1,0,0,0,0,0,0,0,0,0,0,0,1,0
316,Terry Puhl\puhlte01,26,HOU,7,137,111,137,124,0,0,0,0,0,0,0,13,118,124,16,1
317,Luis Pujols\pujollu01,27,HOU,7,40,28,40,40,0,40,0,0,0,0,0,0,0,0,0,0
318,Charlie Puleo\puleoch01,28,CIN,3,27,24,27,27,27,0,0,0,0,0,0,0,0,0,0,0
319,Alfonso Pulido\pulidal01,26,PIT,1st,1,1,1,1,1,0,0,0,0,0,0,0,0,0,0,0
320,Jamie Quirk\quirkja01,28,STL,9,48,16,48,29,0,22,0,0,7,0,0,0,0,0,19,0
321,John Rabb\rabbjo01,23,SFG,2,40,30,40,33,0,31,0,0,0,0,0,0,2,2,7,1
322,Tim Raines\raineti01,23,MON,5,156,155,156,154,0,0,0,7,0,0,152,2,1,154,1,0
323,Chuck Rainey\rainech01,28,CHC,5,34,34,34,34,34,0,0,0,0,0,0,0,0,0,0,0
324,Gary Rajsich\rajsiga01,28,NYM,2,11,10,11,10,0,0,10,0,0,0,0,0,0,0,1,0
325,Mario Ramirez\ramirma01,25,SDP,4,55,31,55,39,0,0,0,0,1,38,0,0,0,0,17,2
326,Rafael Ramirez\ramirra01,25,ATL,4,152,151,152,152,0,0,0,0,0,152,0,0,0,0,1,0
327,Bobby Ramos\ramosbo01,27,MON,5,27,18,27,25,0,25,0,0,0,0,0,0,0,0,2,0
328,Mike Ramsey\ramsemi01,29,STL,5,97,47,97,90,0,0,0,66,7,20,1,0,0,1,6,20
329,Jeff Ransom\ransoje01,22,SFG,3,6,6,6,6,0,6,0,0,0,0,0,0,0,0,0,0
330,Dennis Rasmussen\rasmude01,24,SDP,1st,4,1,4,4,4,0,0,0,0,0,0,0,0,0,0,0
331,Eric Rasmussen\rasmuer01,31,STL,8,6,0,6,6,6,0,0,0,0,0,0,0,0,0,0,0
332,Johnny Ray\rayjo01,26,PIT,3,151,138,151,151,0,0,0,151,0,0,0,0,0,0,5,0
333,Floyd Rayford\rayfofl01,25,STL,3,56,25,56,33,0,0,0,0,33,0,0,0,0,0,28,1
334,Jeff Reardon\reardje01,27,MON,5,66,0,66,66,66,0,0,0,0,0,0,0,0,0,0,0
335,Gary Redus\redusga01,26,CIN,2,125,118,125,120,0,0,0,0,0,0,120,0,0,120,6,1
336,Ron Reed\reedro01,40,PHI,18,61,0,61,61,61,0,0,0,0,0,0,0,0,0,0,0
337,Rick Reuschel\reuscri01,34,CHC,11,4,4,4,4,4,0,0,0,0,0,0,0,0,0,0,0
338,Jerry Reuss\reussje01,34,LAD,15,32,31,32,32,32,0,0,0,0,0,0,0,0,0,0,0
339,Gil Reyes\reyesgi01,19,LAD,1st,19,8,19,19,0,19,0,0,0,0,0,0,0,0,0,0
340,Craig Reynolds\reynocr01,30,HOU,9,65,16,65,50,0,0,0,26,15,8,1,0,0,1,14,10
341,R.J. Reynolds\reynor.01,24,LAD,1st,24,11,24,18,0,0,0,0,0,0,9,5,7,18,7,0
342,Ronn Reynolds\reynoro02,24,NYM,2,24,23,24,24,0,24,0,0,0,0,0,0,0,0,0,0
343,Rick Rhoden\rhoderi01,30,PIT,10,36,35,36,36,36,0,0,0,0,0,0,0,0,0,0,0
344,Gene Richards\richage01,29,SDP,7,95,51,95,54,0,0,0,0,0,0,54,0,0,54,40,4
345,German Rivera\riverge01,22,LAD,1st,13,3,13,8,0,0,0,0,8,0,0,0,0,0,5,0
346,Bill Robinson\robinbi02,40,PHI,16,10,0,10,5,0,0,3,0,2,0,1,0,0,1,8,0
347,Don Robinson\robindo01,26,PIT,6,10,6,10,9,9,0,0,0,0,0,0,0,0,0,1,0
348,Rich Rodas\rodasri01,23,LAD,1st,7,0,7,7,7,0,0,0,0,0,0,0,0,0,0,0
349,Edwin Rodriguez\rodried02,22,SDP,2,7,3,7,7,0,0,0,5,1,2,0,0,0,0,0,0
350,Ron Roenicke\roeniro01,26,LAD,3,81,29,81,62,0,0,0,0,0,0,9,17,44,62,25,7
351,Steve Rogers\rogerst01,33,MON,11,36,36,36,36,36,0,0,0,0,0,0,0,0,0,0,0
352,Dan Rohn\rohnda01,27,CHC,1st,23,5,23,7,0,0,0,6,0,1,0,0,0,0,17,1
353,Gene Roof\roofge01,25,2TM,3,14,1,14,6,0,0,0,0,0,0,1,1,4,6,7,3
354,Pete Rose\rosepe01,42,PHI,21,151,114,151,136,0,0,112,0,0,0,1,0,34,35,23,1
355,Jerry Royster\roystje01,30,ATL,11,91,68,91,87,0,0,0,26,47,13,18,0,0,18,4,6
356,Dave Rucker\ruckeda01,25,STL,3,34,0,34,34,34,0,0,0,0,0,0,0,0,0,0,0
357,Vern Ruhle\ruhleve01,32,HOU,10,41,9,41,41,41,0,0,0,0,0,0,0,0,0,0,0
358,Paul Runge\rungepa01,25,ATL,3,5,2,5,2,0,0,0,2,0,0,0,0,0,0,2,1
359,Bill Russell\russebi01,34,LAD,15,131,122,131,127,0,0,0,0,0,127,0,0,0,0,5,0
360,Jeff Russell\russeje01,21,CIN,1st,10,10,10,10,10,0,0,0,0,0,0,0,0,0,0,0
361,Dick Ruthven\ruthvdi01,32,2TM,11,32,32,32,32,32,0,0,0,0,0,0,0,0,0,0,0
362,Nolan Ryan\ryanno01,36,HOU,17,29,29,29,29,29,0,0,0,0,0,0,0,0,0,0,0
363,Angel Salazar\salazan01,21,MON,1st,36,8,36,34,0,0,0,0,0,34,0,0,0,0,2,8
364,Luis Salazar\salazlu01,27,SDP,4,134,119,134,128,0,0,0,0,118,19,0,0,0,0,7,3
365,Juan Samuel\samueju01,22,PHI,1st,18,15,18,18,0,0,0,18,0,0,0,0,0,0,0,1
366,Alejandro Sanchez\sanchal01,24,PHI,2,8,0,8,2,0,0,0,0,0,0,0,0,2,2,4,2
367,Orlando Sanchez\sanchor01,26,STL,3,6,0,6,1,0,1,0,0,0,0,0,0,0,0,5,0
368,Ryne Sandberg\sandbry01,23,CHC,3,158,153,158,158,0,0,0,157,0,1,0,0,0,0,4,0
369,Scott Sanderson\sandesc01,26,MON,6,18,16,18,18,18,0,0,0,0,0,0,0,0,0,0,0
370,Rafael Santana\santara01,25,STL,1st,30,1,30,19,0,0,0,8,5,6,0,0,0,0,7,14
371,Manny Sarmiento\sarmima01,27,PIT,7,52,0,52,52,52,0,0,0,0,0,0,0,0,0,0,0
372,Dave Sax\saxda01,24,LAD,2,7,1,7,4,0,4,0,0,0,0,0,0,0,0,4,0
373,Steve Sax\saxst01,23,LAD,3,155,151,155,152,0,0,0,152,0,0,0,0,0,0,4,0
374,Dan Schatzeder\schatda01,28,MON,7,58,2,58,58,58,0,0,0,0,0,0,0,0,0,0,0
375,Bill Scherrer\scherbi01,25,CIN,2,73,0,73,73,73,0,0,0,0,0,0,0,0,0,0,1
376,Mike Schmidt\schmimi01,33,PHI,12,154,152,154,153,0,0,0,0,153,2,0,0,0,0,0,1
377,Don Schulze\schuldo01,20,CHC,1st,4,3,4,4,4,0,0,0,0,0,0,0,0,0,0,0
378,Mike Scioscia\sciosmi01,24,LAD,4,12,10,12,11,0,11,0,0,0,0,0,0,0,0,1,0
379,Mike Scott\scottmi03,28,HOU,5,24,24,24,24,24,0,0,0,0,0,0,0,0,0,0,0
380,Tony Scott\scottto01,31,HOU,10,80,34,80,60,0,0,0,0,0,0,6,31,27,60,29,0
381,Rod Scurry\scurrro01,27,PIT,4,61,0,61,61,61,0,0,0,0,0,0,0,0,0,0,0
382,Tom Seaver\seaveto01,38,NYM,17,34,34,34,34,34,0,0,0,0,0,0,0,0,0,0,0
383,Jimmy Sexton\sextoji01,31,STL,6,6,1,6,5,0,0,0,0,2,4,0,0,0,0,1,0
384,Razor Shines\shinera01,26,MON,1st,3,0,3,1,0,0,0,0,0,0,1,0,0,1,2,0
385,Eric Show\shower01,27,SDP,3,35,33,35,35,35,0,0,0,0,0,0,0,0,0,0,0
386,Matt Sinatro\sinatma01,23,ATL,3,7,3,7,7,0,7,0,0,0,0,0,0,0,0,0,3
387,Doug Sisk\siskdo01,25,NYM,2,67,0,67,67,67,0,0,0,0,0,0,0,0,0,0,0
388,Bryn Smith\smithbr01,27,MON,3,49,12,49,49,49,0,0,0,0,0,0,0,0,0,0,0
389,Chris Smith\smithch05,25,SFG,3,22,18,22,19,0,0,15,0,1,0,4,0,0,4,3,0
390,Dave Smith\smithda02,28,HOU,4,42,0,42,42,42,0,0,0,0,0,0,0,0,0,0,0
391,Ken Smith\smithke02,25,ATL,3,30,0,30,13,0,0,13,0,0,0,0,0,0,0,11,8
392,Lee Smith\smithle02,25,CHC,4,66,0,66,66,66,0,0,0,0,0,0,0,0,0,0,0
393,Lonnie Smith\smithlo01,27,STL,6,130,121,130,126,0,0,0,0,0,0,126,0,0,126,6,1
394,Ozzie Smith\smithoz01,28,STL,6,159,154,159,158,0,0,0,0,0,158,0,0,0,0,2,0
395,Julio Solano\solanju01,23,HOU,1st,4,0,4,4,4,0,0,0,0,0,0,0,0,0,0,0
396,Elias Sosa\sosael01,33,SDP,12,41,1,41,41,41,0,0,0,0,0,0,0,0,0,0,0
397,Mario Soto\sotoma01,26,CIN,7,35,34,35,34,34,0,0,0,0,0,0,0,0,0,0,1
398,Chris Speier\speiech01,33,MON,13,88,67,88,83,0,0,0,2,12,74,0,0,0,0,7,2
399,Harry Spilman\spilmha01,28,HOU,6,42,12,42,25,0,6,19,0,0,0,0,0,0,0,25,0
400,Rusty Staub\staubru01,39,NYM,21,104,10,104,10,0,0,5,0,0,0,3,0,2,5,94,0
401,John Stearns\stearjo01,31,NYM,10,4,0,4,0,0,0,0,0,0,0,0,0,0,0,0,4
402,Mike Stenhouse\stenhmi01,25,MON,2,24,7,24,14,0,0,5,0,0,0,3,0,7,9,11,0
403,Dave Stewart\stewada01,26,LAD,4,46,1,46,46,46,0,0,0,0,0,0,0,0,0,0,0
404,Jeff Stone\stoneje01,22,PHI,1st,9,0,9,1,0,0,0,0,0,0,0,1,0,1,1,7
405,Darryl Strawberry\strawda01,21,NYM,1st,122,114,122,117,0,0,0,0,0,0,0,0,117,117,4,3
406,John Stuper\stupejo01,26,STL,2,40,30,40,40,40,0,0,0,0,0,0,0,0,0,0,0
407,Guy Sularz\sulargu01,27,SFG,4,10,5,10,10,0,0,0,0,4,6,0,0,0,0,1,2
408,Champ Summers\summech01,37,SFG,10,29,1,29,1,0,0,0,0,0,0,1,0,0,1,28,0
409,Bruce Sutter\suttebr01,30,STL,8,60,0,60,60,60,0,0,0,0,0,0,0,0,0,0,0
410,Craig Swan\swancr01,32,NYM,11,27,18,27,27,27,0,0,0,0,0,0,0,0,0,0,0
411,Alex Taveras\taveral01,27,LAD,3,10,1,10,6,0,0,0,2,1,3,0,0,0,0,0,4
412,Kent Tekulve\tekulke01,36,PIT,10,76,0,76,76,76,0,0,0,0,0,0,0,0,0,0,0
413,Garry Templeton\templga01,27,SDP,8,126,122,126,123,0,0,0,0,0,123,0,0,0,0,3,0
414,Gene Tenace\tenacge01,36,PIT,15,53,12,53,22,0,3,19,0,0,0,0,0,1,1,35,3
415,Walt Terrell\terrewa01,25,NYM,2,21,20,21,21,21,0,0,0,0,0,0,0,0,0,0,0
416,Derrel Thomas\thomade01,32,LAD,13,118,47,118,104,0,0,0,9,7,13,15,43,31,84,18,12
417,Jason Thompson\thompja01,28,PIT,8,152,144,152,151,0,0,151,0,0,0,0,0,0,0,4,0
418,Scot Thompson\thompsc01,27,CHC,6,53,16,53,29,0,0,1,0,0,0,22,0,6,28,28,0
419,Dickie Thon\thondi01,25,HOU,5,154,154,154,154,0,0,0,0,0,154,0,0,0,0,0,0
420,Mark Thurmond\thurmma01,26,SDP,1st,21,18,21,21,21,0,0,0,0,0,0,0,0,0,0,0
421,Tim Tolman\tolmati01,27,HOU,3,43,7,43,10,0,0,7,0,0,0,3,0,0,3,35,0
422,Dave Tomlin\tomlida01,34,PIT,11,5,0,5,5,5,0,0,0,0,0,0,0,0,0,0,0
423,Mike Torrez\torremi01,36,NYM,17,39,34,39,39,39,0,0,0,0,0,0,0,0,0,0,0
424,Alex Trevino\trevial01,25,CIN,6,74,53,74,67,0,63,0,1,4,0,0,0,0,0,7,3
425,Manny Trillo\trillma01,32,MON,11,31,31,31,31,0,0,0,31,0,0,0,0,0,0,0,0
426,Steve Trout\troutst01,25,CHC,6,34,32,34,34,34,0,0,0,0,0,0,0,0,0,0,0
427,Lee Tunnell\tunnele01,22,PIT,2,35,25,35,35,35,0,0,0,0,0,0,0,0,0,0,0
428,Jerry Turner\turneje01,29,SDP,10,25,0,25,1,0,0,0,0,0,0,0,0,1,1,24,0
429,Mike Vail\vailmi01,31,2TM,9,52,17,52,22,0,0,5,0,1,0,5,0,12,17,32,0
430,Fernando Valenzuela\valenfe01,22,LAD,4,36,35,36,35,35,0,0,0,0,0,0,0,0,0,1,0
431,Andy Van Slyke\vanslan01,22,STL,1st,101,81,101,98,0,0,9,0,30,0,50,7,23,69,6,0
432,Max Venable\venabma01,26,SFG,5,94,50,94,66,0,0,0,0,0,0,33,25,14,66,27,5
433,Tom Veryzer\veryzto01,30,CHC,11,59,18,59,45,0,0,0,0,17,28,0,0,0,0,11,6
434,Ozzie Virgil\virgioz02,26,PHI,4,55,37,55,51,0,51,0,0,0,0,0,0,0,0,8,0
435,Dave Von Ohlen\vonohda01,24,STL,1st,46,0,46,46,46,0,0,0,0,0,0,0,0,0,0,0
436,Bob Walk\walkbo01,26,ATL,4,1,1,1,1,1,0,0,0,0,0,0,0,0,0,0,0
437,Duane Walker\walkedu01,26,CIN,2,109,46,109,61,0,0,0,0,0,0,36,0,26,61,53,0
438,Tim Wallach\wallati01,25,MON,4,156,156,156,156,0,0,0,0,156,0,0,0,0,0,0,0
439,Denny Walling\wallide01,29,HOU,9,100,21,100,66,0,0,42,0,13,0,2,0,12,13,42,14
440,Claudell Washington\washicl01,28,ATL,10,134,121,134,128,0,0,0,0,0,0,1,0,127,128,8,1
441,Bob Watson\watsobo01,37,ATL,18,65,34,65,34,0,0,34,0,0,0,0,0,0,0,31,0
442,Bob Welch\welchbo01,26,LAD,6,31,31,31,31,31,0,0,0,0,0,0,0,0,0,0,0
443,Brad Wellman\wellmbr01,23,SFG,2,82,48,82,76,0,0,0,74,0,2,0,0,0,0,5,7
444,Chris Welsh\welshch01,28,2TM,3,23,6,23,23,23,0,0,0,0,0,0,0,0,0,0,0
445,Jerry White\whiteje01,30,MON,10,40,3,40,13,0,0,0,0,0,0,2,5,6,13,29,3
446,Larry White\whitela01,24,LAD,1st,4,0,4,4,4,0,0,0,0,0,0,0,0,0,0,0
447,Ed Whitson\whitsed01,28,SDP,7,31,21,31,31,31,0,0,0,0,0,0,0,0,0,0,0
448,Tom Wieghaus\wieghto01,26,MON,2,1,0,1,1,0,1,0,0,0,0,0,0,0,0,0,0
449,Alan Wiggins\wiggial01,25,SDP,3,144,130,144,140,0,0,46,0,0,0,63,49,13,105,4,1
450,Dallas Williams\willida05,25,CIN,2,18,7,18,12,0,0,0,0,0,0,6,3,3,12,8,0
451,Mookie Wilson\wilsomo01,27,NYM,4,152,144,152,148,0,0,0,0,0,0,0,148,0,148,7,0
452,Jim Winn\winnji01,23,PIT,1st,7,0,7,7,7,0,0,0,0,0,0,0,0,0,0,0
453,Jim Wohlford\wohlfji01,32,MON,12,83,28,83,61,0,0,0,0,0,0,8,6,48,61,35,0
454,Gary Woods\woodsga01,29,CHC,7,93,35,93,74,0,0,0,1,0,0,41,27,13,73,36,5
455,Ron Wotus\wotusro01,22,PIT,1st,5,0,5,3,0,0,0,1,0,2,0,0,0,0,2,1
456,Ricky Wright\wrighri01,24,LAD,2,6,0,6,6,6,0,0,0,0,0,0,0,0,0,0,0
457,Marvell Wynne\wynnema01,23,PIT,1st,103,92,103,102,0,0,0,0,0,0,0,102,0,102,1,2
458,Steve Yeager\yeagest01,34,LAD,12,113,96,113,112,0,112,0,0,0,0,0,0,0,0,2,0
459,Joel Youngblood\youngjo02,31,SFG,8,124,93,124,107,0,0,0,63,28,0,16,0,8,23,23,2
460,Pat Zachry\zachrpa01,31,LAD,8,40,1,40,40,40,0,0,0,0,0,0,0,0,0,0,0
461,Paul Zuvella\zuvelpa01,24,ATL,2,3,1,3,2,0,0,0,0,0,2,0,0,0,0,1,0