Rk,Name,Age,Tm,Yrs,G,GS,Batting,Defense,P,C,1B,2B,3B,SS,LF,CF,RF,OF,PH,PR
1,Shawn Abner\abnersh01,21,SDP,1st,16,10,16,14,0,0,0,0,0,0,6,2,6,14,3,1
2,Jim Acker\ackerji01,28,ATL,5,68,0,68,68,68,0,0,0,0,0,0,0,0,0,0,0
3,Troy Afenir\afenitr01,23,HOU,1st,10,5,10,10,0,10,0,0,0,0,0,0,0,0,1,0
4,Juan Agosto\agostju01,29,HOU,7,27,0,27,27,27,0,0,0,0,0,0,0,0,0,0,0
5,Luis Aguayo\aguaylu01,28,PHI,8,94,52,94,84,0,0,0,6,2,78,0,0,0,0,19,0
6,Rick Aguilera\aguilri01,25,NYM,3,18,17,18,18,18,0,0,0,0,0,0,0,0,0,0,0
7,Mike Aldrete\aldremi01,26,SFG,2,126,90,126,106,0,0,33,0,0,0,43,13,30,79,28,0
8,Doyle Alexander\alexado01,36,ATL,17,16,16,16,16,16,0,0,0,0,0,0,0,0,0,0,0
9,Bill Almon\almonbi01,34,2TM,14,68,8,68,41,0,0,2,10,1,26,2,0,1,3,26,9
10,Larry Andersen\anderla02,34,HOU,10,67,0,67,67,67,0,0,0,0,0,0,0,0,0,0,0
11,Dave Anderson\anderda02,26,LAD,5,108,67,108,102,0,0,0,5,35,65,0,0,0,0,7,7
12,Alan Ashby\ashbyal01,35,HOU,15,125,105,125,110,0,110,0,0,0,0,0,0,0,0,17,0
13,Paul Assenmacher\assenpa01,26,ATL,2,52,0,52,52,52,0,0,0,0,0,0,0,0,0,0,0
14,Wally Backman\backmwa01,27,NYM,8,94,77,94,88,0,0,0,88,0,0,0,0,0,0,14,0
15,Mark Bailey\bailema01,25,HOU,4,35,14,35,27,0,27,0,0,0,0,0,0,0,0,9,0
16,Doug Bair\bairdo01,37,PHI,12,11,0,11,11,11,0,0,0,0,0,0,0,0,0,0,0
17,Jay Baller\balleja01,26,CHC,4,23,0,23,23,23,0,0,0,0,0,0,0,0,0,0,0
18,Skeeter Barnes\barnesk01,30,STL,4,4,0,4,1,0,0,0,0,1,0,0,0,0,0,3,0
19,Kevin Bass\basske01,28,HOU,6,157,154,157,155,0,0,0,0,0,0,0,0,155,155,2,0
20,Steve Bedrosian\bedrost01,29,PHI,7,65,0,65,65,65,0,0,0,0,0,0,0,0,0,0,0
21,Tim Belcher\belchti01,25,LAD,1st,6,5,6,6,6,0,0,0,0,0,0,0,0,0,0,0
22,Buddy Bell\bellbu01,35,CIN,16,143,141,143,142,0,0,0,0,142,0,0,0,0,0,1,0
23,Terry Bell\bellte01,24,ATL,2,1,0,1,0,0,0,0,0,0,0,0,0,0,0,1,0
24,Rafael Belliard\bellira01,25,PIT,6,81,67,81,77,0,0,0,7,0,71,0,0,0,0,2,2
25,Bruce Benedict\benedbr01,31,ATL,10,37,28,37,35,0,35,0,0,0,0,0,0,0,0,3,0
26,Dale Berra\berrada01,30,HOU,11,19,16,19,19,0,0,0,3,0,18,0,0,0,0,1,0
27,Damon Berryhill\berryda01,23,CHC,1st,12,7,12,11,0,11,0,0,0,0,0,0,0,0,1,0
28,Buddy Biancalana\biancbu01,27,HOU,6,18,6,18,18,0,0,0,3,0,16,0,0,0,0,1,3
29,Mike Bielecki\bielemi01,27,PIT,4,8,8,8,8,8,0,0,0,0,0,0,0,0,0,0,0
30,Jeff Blauser\blausje01,21,ATL,1st,51,50,51,50,0,0,0,0,0,50,0,0,0,0,1,0
31,Bruce Bochy\bochybr01,32,SDP,9,38,18,38,23,0,23,0,0,0,0,0,0,0,0,15,0
32,Randy Bockus\bockura01,26,SFG,2,12,0,12,12,12,0,0,0,0,0,0,0,0,0,0,0
33,Joe Boever\boevejo01,26,ATL,3,14,0,14,14,14,0,0,0,0,0,0,0,0,0,0,0
34,Barry Bonds\bondsba01,22,PIT,2,150,126,150,145,0,0,0,0,0,0,101,46,1,145,9,3
35,Bobby Bonilla\bonilbo01,24,PIT,2,141,110,141,129,0,0,6,0,89,0,17,0,34,46,21,0
36,Greg Booker\bookegr01,27,SDP,5,44,0,44,44,44,0,0,0,0,0,0,0,0,0,0,0
37,Rod Booker\bookero01,28,STL,1st,44,5,44,23,0,0,0,17,5,1,0,0,0,0,25,6
38,Sid Bream\breamsi01,26,PIT,5,149,131,149,144,0,0,144,0,0,0,0,0,0,0,9,1
39,Bob Brenly\brenlbo01,33,SFG,7,123,105,123,115,0,108,6,0,2,0,0,0,0,0,9,1
40,Hubie Brooks\brookhu01,30,MON,8,112,109,112,109,0,0,0,0,0,109,0,0,0,0,3,0
41,Chris Brown\brownch02,25,2TM,4,82,78,82,80,0,0,0,0,80,1,0,0,0,0,3,0
42,Curt Brown\browncu03,27,MON,4,5,0,5,5,5,0,0,0,0,0,0,0,0,0,0,0
43,Tom Browning\brownto05,27,CIN,4,34,31,34,32,32,0,0,0,0,0,0,0,0,0,0,2
44,Mike Brumley\brumlmi02,24,CHC,1st,39,30,39,35,0,0,0,1,0,34,0,0,0,0,4,1
45,Ralph Bryant\bryanra01,26,LAD,3,46,13,46,19,0,0,0,0,0,0,8,0,12,19,33,0
46,Tim Burke\burketi01,28,MON,3,55,0,55,55,55,0,0,0,0,0,0,0,0,0,0,0
47,John Burkett\burkejo03,22,SFG,1st,3,0,3,3,3,0,0,0,0,0,0,0,0,0,0,0
48,Sal Butera\butersa01,34,CIN,8,5,3,5,5,0,5,0,0,0,0,0,0,0,0,0,0
49,Randy Byers\byersra01,22,SDP,1st,10,3,10,5,0,0,0,0,0,0,5,0,0,5,4,1
50,Jeff Calhoun\calhoje01,29,PHI,4,42,0,42,42,42,0,0,0,0,0,0,0,0,0,0,0
51,Ken Caminiti\caminke01,24,HOU,1st,63,51,63,61,0,0,0,0,61,0,0,0,0,0,9,0
52,Bill Campbell\campbbi02,38,MON,15,7,0,7,7,7,0,0,0,0,0,0,0,0,0,0,0
53,Casey Candaele\candaca01,26,MON,2,138,102,138,128,0,0,1,68,0,25,8,45,16,67,14,4
54,John Candelaria\candejo01,33,NYM,13,3,3,3,3,3,0,0,0,0,0,0,0,0,0,0,0
55,John Cangelosi\cangejo01,24,PIT,3,104,38,104,47,0,0,0,0,0,0,27,16,8,47,61,0
56,Don Carman\carmado01,27,PHI,5,35,35,35,35,35,0,0,0,0,0,0,0,0,0,0,0
57,Mark Carreon\carrema01,23,NYM,1st,9,2,9,5,0,0,0,0,0,0,5,0,0,5,5,0
58,Gary Carter\cartega01,33,NYM,14,139,133,139,137,0,135,4,0,0,0,0,0,1,1,5,0
59,Chuck Cary\carych01,27,ATL,3,13,0,13,13,13,0,0,0,0,0,0,0,0,0,0,0
60,Rocky Childress\childro01,25,HOU,3,32,0,32,32,32,0,0,0,0,0,0,0,0,0,0,0
61,Jack Clark\clarkja01,31,STL,13,131,126,131,126,0,0,126,0,0,0,0,0,1,1,5,0
62,Will Clark\clarkwi02,23,SFG,2,150,133,150,139,0,0,139,0,0,0,0,0,0,0,12,1
63,Marty Clary\claryma01,25,ATL,1st,7,1,7,7,7,0,0,0,0,0,0,0,0,0,0,0
64,Kevin Coffman\coffmke01,22,ATL,1st,5,5,5,5,5,0,0,0,0,0,0,0,0,0,0,0
65,Vince Coleman\colemvi01,25,STL,3,151,150,151,150,0,0,0,0,0,0,150,0,0,150,1,0
66,Darnell Coles\colesda01,25,PIT,5,40,33,40,37,0,0,1,0,10,0,1,0,25,26,4,0
67,Dave Collins\collida02,34,CIN,13,57,9,57,21,0,0,0,0,0,0,18,2,1,21,41,3
68,Keith Comstock\comstke01,31,2TM,2,41,0,41,41,41,0,0,0,0,0,0,0,1,1,0,0
69,Dave Concepcion\conceda01,39,CIN,18,104,66,104,95,0,0,26,59,13,2,0,0,0,0,26,1
70,Onix Concepcion\conceon01,29,PIT,7,1,0,1,0,0,0,0,0,0,0,0,0,0,0,1,0
71,David Cone\coneda01,24,NYM,2,21,13,21,21,21,0,0,0,0,0,0,0,0,0,0,0
72,Tim Conroy\conroti01,27,STL,7,10,9,10,10,10,0,0,0,0,0,0,0,0,0,0,0
73,Joey Cora\corajo01,22,SDP,1st,77,62,77,69,0,0,0,66,0,6,0,0,0,0,9,4
74,Joe Cowley\cowlejo01,28,PHI,5,5,4,5,5,5,0,0,0,0,0,0,0,0,0,0,0
75,Danny Cox\coxda01,27,STL,5,32,31,32,31,31,0,0,0,0,0,0,0,0,0,0,1
76,Tim Crews\crewsti01,26,LAD,1st,20,0,20,20,20,0,0,0,0,0,0,0,0,0,0,0
77,Jose Cruz\cruzjo01,39,HOU,18,126,89,126,97,0,0,0,0,0,0,97,0,0,97,33,0
78,Kal Daniels\danieka01,23,CIN,2,108,93,108,94,0,0,0,0,0,0,94,0,0,94,14,0
79,Ron Darling\darliro01,26,NYM,5,32,32,32,32,32,0,0,0,0,0,0,0,0,0,0,0
80,Danny Darwin\darwida01,31,HOU,10,35,30,35,33,33,0,0,0,0,0,0,0,0,0,0,2
81,Jack Daugherty\daughja01,26,MON,1st,11,0,11,1,0,0,1,0,0,0,0,0,0,0,11,0
82,Darren Daulton\daultda01,25,PHI,4,53,34,53,41,0,40,1,0,0,0,0,0,0,0,13,3
83,Butch Davis\davisbu02,29,PIT,3,7,1,7,1,0,0,0,0,0,0,1,0,0,1,5,1
84,Chili Davis\davisch01,27,SFG,7,149,125,149,135,0,0,0,0,0,0,18,114,36,135,22,0
85,Eric Davis\daviser01,25,CIN,4,129,127,129,128,0,0,0,0,0,0,4,124,0,128,1,0
86,Glenn Davis\davisgl01,26,HOU,4,151,150,151,151,0,0,151,0,0,0,0,0,0,0,1,0
87,Jody Davis\davisjo02,30,CHC,7,125,119,125,123,0,123,0,0,0,0,0,0,0,0,3,0
88,Mark Davis\davisma01,26,2TM,7,64,11,64,63,63,0,0,0,0,0,0,0,0,0,1,0
89,Ron Davis\davisro02,31,2TM,10,25,0,25,25,25,0,0,0,0,0,0,0,0,0,0,0
90,Storm Davis\davisst02,25,SDP,6,21,10,21,21,21,0,0,0,0,0,0,0,0,0,0,0
91,Trench Davis\davistr01,26,ATL,3,6,0,6,0,0,0,0,0,0,0,0,0,0,0,3,3
92,Bill Dawley\dawlebi01,29,STL,5,60,0,60,60,60,0,0,0,0,0,0,0,0,0,0,0
93,Andre Dawson\dawsoan01,32,CHC,12,153,151,153,152,0,0,0,0,0,0,0,0,152,152,2,0
94,Brian Dayett\dayetbr01,30,CHC,5,97,38,97,78,0,0,0,0,0,0,68,0,12,78,37,2
95,Ken Dayley\dayleke01,28,STL,6,53,0,53,53,53,0,0,0,0,0,0,0,0,0,0,0
96,Ivan de Jesus\dejesiv01,34,SFG,14,9,2,9,9,0,0,0,0,0,9,0,0,0,0,1,1
97,Doug DeCinces\decindo01,36,STL,15,4,1,4,3,0,0,0,0,3,0,0,0,0,0,1,0
98,Jeff Dedmon\dedmoje01,27,ATL,5,53,3,53,53,53,0,0,0,0,0,0,0,0,0,0,0
99,Bob Dernier\dernibo01,30,CHC,8,93,40,93,72,0,0,0,0,0,0,0,72,0,72,39,10
100,Jim Deshaies\deshaji01,27,HOU,4,26,25,26,26,26,0,0,0,0,0,0,0,0,0,0,0
101,Mike Devereaux\devermi01,24,LAD,1st,19,11,19,18,0,0,0,0,0,0,11,2,5,18,6,1
102,Bo Diaz\diazbo01,34,CIN,11,140,130,140,137,0,137,0,0,0,0,0,0,0,0,3,0
103,Mike Diaz\diazmi01,27,PIT,3,103,62,103,74,0,8,32,0,0,0,27,0,10,37,37,0
104,Frank DiPino\dipinfr01,30,CHC,7,69,0,69,69,69,0,0,0,0,0,0,0,0,0,0,0
105,Bill Doran\doranbi02,29,HOU,6,162,162,162,162,0,0,0,162,0,3,0,0,0,0,0,0
106,Ken Dowell\dowelke01,26,PHI,1st,15,13,15,15,0,0,0,0,0,15,0,0,0,0,0,0
107,Kelly Downs\downske01,26,SFG,2,41,28,41,41,41,0,0,0,0,0,0,0,0,0,0,0
108,Doug Drabek\drabedo01,24,PIT,2,30,28,30,29,29,0,0,0,0,0,0,0,0,0,0,1
109,Dave Dravecky\draveda01,31,2TM,6,49,28,49,48,48,0,0,0,0,0,0,0,0,0,0,1
110,Dan Driessen\driesda01,35,STL,15,24,16,24,21,0,0,21,0,0,0,0,0,0,0,4,0
111,Tim Drummond\drummti01,22,PIT,1st,6,0,6,6,6,0,0,0,0,0,0,0,0,0,0,0
112,Mariano Duncan\duncama01,24,LAD,3,76,67,76,74,0,0,0,7,0,67,1,0,1,2,1,1
113,Mike Dunne\dunnemi01,24,PIT,1st,23,23,23,23,23,0,0,0,0,0,0,0,0,0,0,0
114,Shawon Dunston\dunstsh01,24,CHC,3,95,92,95,94,0,0,0,0,0,94,0,0,0,0,1,0
115,Leon Durham\durhale01,29,CHC,8,131,114,131,123,0,0,123,0,0,0,0,0,0,0,11,0
116,Lenny Dykstra\dykstle01,24,NYM,3,132,100,132,118,0,0,0,0,0,0,0,118,0,118,22,2
117,Mike Easler\easlemi01,36,PHI,14,33,30,33,30,0,0,0,0,0,0,30,0,0,30,3,0
118,Logan Easley\easlelo01,25,PIT,1st,17,0,17,17,17,0,0,0,0,0,0,0,0,0,0,0
119,Tom Edens\edensto01,26,NYM,1st,2,2,2,2,2,0,0,0,0,0,0,0,0,0,0,0
120,Kevin Elster\elsteke01,22,NYM,2,5,2,5,3,0,0,0,0,0,3,0,0,0,0,2,0
121,Dave Engle\engleda01,30,MON,7,59,9,59,19,0,6,2,0,1,0,9,0,2,11,45,0
122,Nick Esasky\esaskni01,27,CIN,5,100,92,100,93,0,0,93,0,1,0,1,0,0,1,8,0
123,Felix Fermin\fermife01,23,PIT,1st,23,19,23,23,0,0,0,0,0,23,0,0,0,0,0,0
124,Sid Fernandez\fernasi01,24,NYM,5,29,28,29,28,29,0,0,0,0,0,0,0,0,0,0,0
125,Jeff Fischer\fischje01,23,MON,1st,4,2,4,4,4,0,0,0,0,0,0,0,0,0,0,0
126,Mike Fischlin\fischmi01,31,ATL,10,1,0,1,0,0,0,0,0,0,0,0,0,0,0,0,1
127,Brian Fisher\fishebr01,25,PIT,3,37,26,37,37,37,0,0,0,0,0,0,0,0,0,0,0
128,Mike Fitzgerald\fitzgmi02,26,MON,5,107,87,107,106,0,104,1,1,0,0,0,0,0,0,6,0
129,Tim Flannery\flannti01,29,SDP,9,106,72,106,91,0,0,0,84,8,2,0,0,0,0,23,1
130,Tom Foley\foleyto02,27,MON,5,106,67,106,83,0,0,0,39,9,49,0,0,0,0,26,1
131,Curt Ford\fordcu01,26,STL,3,89,56,89,76,0,0,0,0,0,0,15,2,61,76,21,2
132,Bob Forsch\forscbo01,37,STL,14,34,30,34,33,33,0,0,0,0,0,0,0,0,0,1,0
133,John Franco\francjo01,26,CIN,4,68,0,68,68,68,0,0,0,0,0,0,0,0,0,0,0
134,Terry Francona\francte01,28,CIN,7,102,42,102,61,0,0,56,0,0,0,2,0,6,8,45,1
135,Todd Frohwirth\frohwto01,24,PHI,1st,10,0,10,10,10,0,0,0,0,0,0,0,0,0,0,0
136,Ty Gainey\gainety01,26,HOU,3,18,3,18,6,0,0,0,0,0,0,6,0,0,6,13,1
137,Andres Galarraga\galaran01,26,MON,3,147,143,147,146,0,0,146,0,0,0,0,0,0,0,1,0
138,Ron Gant\gantro01,22,ATL,1st,21,19,21,20,0,0,0,20,0,0,0,0,0,0,1,0
139,Gene Garber\garbege01,39,ATL,18,49,0,49,49,49,0,0,0,0,0,0,0,0,0,0,0
140,Leo Garcia\garcile01,24,CIN,1st,31,4,31,14,0,0,0,0,0,0,0,13,1,14,12,9
141,Miguel Garcia\garcimi02,20,PIT,1st,1,0,1,1,1,0,0,0,0,0,0,0,0,0,0,0
142,Phil Garner\garneph01,38,2TM,15,113,62,113,93,0,0,0,14,82,2,0,0,0,0,32,2
143,Scott Garrelts\garresc01,25,SFG,6,65,0,65,64,64,0,0,0,0,0,0,0,0,0,0,2
144,Steve Garvey\garvest01,38,SDP,19,27,19,27,20,0,0,20,0,0,0,0,0,0,0,7,0
145,Bob Gibson\gibsobo02,30,NYM,5,1,0,1,1,1,0,0,0,0,0,0,0,0,0,0,0
146,Brett Gideon\gideobr01,23,PIT,1st,29,0,29,29,29,0,0,0,0,0,0,0,0,0,0,0
147,Tom Glavine\glavito02,21,ATL,1st,9,9,9,9,9,0,0,0,0,0,0,0,0,0,0,0
148,Denny Gonzalez\gonzade01,23,PIT,3,5,1,5,1,0,0,0,0,0,1,0,0,0,0,4,0
149,Jose Gonzalez\gonzajo02,22,LAD,3,19,4,19,16,0,0,0,0,0,0,8,5,3,16,2,5
150,Dwight Gooden\goodedw01,22,NYM,4,25,25,25,25,25,0,0,0,0,0,0,0,0,0,0,0
151,Tom Gorman\gormato03,29,SDP,7,6,0,6,6,6,0,0,0,0,0,0,0,0,0,0,0
152,Rich Gossage\gossari01,35,SDP,16,40,0,40,40,40,0,0,0,0,0,0,0,0,0,0,0
153,Jim Gott\gottji01,27,2TM,6,55,3,55,55,55,0,0,0,0,0,0,0,0,0,1,0
154,Mark Grant\grantma01,23,2TM,3,34,25,34,33,33,0,0,0,0,0,0,0,0,0,0,1
155,David Green\greenda03,26,STL,6,14,7,14,13,0,0,3,0,0,0,1,0,9,10,5,0
156,Tommy Gregg\greggto01,23,PIT,1st,10,0,10,4,0,0,0,0,0,0,1,2,2,4,7,2
157,Ken Griffey\griffke01,37,ATL,15,122,99,122,109,0,0,3,0,0,0,107,1,0,107,20,0
158,Greg Gross\grossgr01,34,PHI,15,114,17,114,60,0,0,11,0,0,0,50,0,1,51,74,0
159,Kevin Gross\grosske01,26,PHI,5,34,33,34,34,34,0,0,0,0,0,0,0,0,0,0,0
160,Pedro Guerrero\guerrpe01,31,LAD,10,152,147,152,148,0,0,40,0,0,0,109,0,0,109,5,0
161,Bill Gullickson\gullibi01,28,CIN,9,27,27,27,27,27,0,0,0,0,0,0,0,0,0,0,0
162,Chris Gwynn\gwynnch01,22,LAD,1st,17,8,17,10,0,0,0,0,0,0,10,0,0,10,7,0
163,Tony Gwynn\gwynnto01,27,SDP,6,157,154,157,156,0,0,0,0,0,0,0,0,156,156,3,0
164,Albert Hall\hallal02,29,ATL,7,92,65,92,69,0,0,0,0,0,0,0,68,1,69,26,1
165,Drew Hall\halldr01,24,CHC,2,21,0,21,21,21,0,0,0,0,0,0,0,0,0,0,0
166,Jeff Hamilton\hamilje01,23,LAD,2,35,23,35,31,0,0,0,0,31,1,0,0,0,0,6,0
167,Atlee Hammaker\hammaat01,29,SFG,6,31,27,31,31,31,0,0,0,0,0,0,0,0,0,0,0
168,Terry Harper\harpete01,31,PIT,8,36,18,36,20,0,0,0,0,0,0,10,0,11,20,17,0
169,Billy Hatcher\hatchbi01,26,HOU,4,141,139,141,140,0,0,0,0,0,0,51,94,6,140,2,0
170,Mickey Hatcher\hatchmi01,32,LAD,9,101,77,101,85,0,0,37,0,49,0,1,0,6,7,19,0
171,Brad Havens\havenbr01,27,LAD,6,31,1,31,31,31,0,0,0,0,0,0,0,0,0,0,0
172,Andy Hawkins\hawkian01,27,SDP,6,24,20,24,24,24,0,0,0,0,0,0,0,0,0,0,0
173,Von Hayes\hayesvo01,28,PHI,7,158,154,158,155,0,0,144,0,0,0,5,29,3,32,4,0
174,Ray Hayward\haywara01,26,SDP,2,4,0,4,4,4,0,0,0,0,0,0,0,0,0,0,0
175,Jeff Heathcock\heathje02,27,HOU,3,19,2,19,19,19,0,0,0,0,0,0,0,0,0,0,0
176,Neal Heaton\heatone01,27,MON,6,32,32,32,32,32,0,0,0,0,0,0,0,0,0,0,0
177,Danny Heep\heepda01,29,LAD,9,60,16,60,28,0,0,6,0,0,0,17,0,6,22,39,0
178,Dave Henderson\hendeda01,28,SFG,7,15,5,15,9,0,0,0,0,0,0,1,8,1,9,9,0
179,Ubaldo Heredia\heredub01,31,MON,1st,2,2,2,2,2,0,0,0,0,0,0,0,0,0,0,0
180,Keith Hernandez\hernake01,33,NYM,14,154,151,154,154,0,0,154,0,0,0,0,0,0,0,1,0
181,Manny Hernandez\hernama01,26,HOU,2,6,3,6,6,6,0,0,0,0,0,0,0,0,0,0,0
182,Tom Herr\herrto01,31,STL,9,141,137,141,137,0,0,0,137,0,0,0,0,0,0,4,0
183,Orel Hershiser\hershor01,28,LAD,5,40,35,40,37,37,0,0,0,0,0,0,0,0,0,3,0
184,Joe Hesketh\heskejo01,28,MON,4,18,0,18,18,18,0,0,0,0,0,0,0,0,0,0,0
185,Shawn Hillegas\hillesh01,22,LAD,1st,12,10,12,12,12,0,0,0,0,0,0,0,0,0,0,0
186,Glenn Hoffman\hoffmgl01,28,LAD,8,40,40,40,40,0,0,0,0,0,40,0,0,0,0,0,0
187,Guy Hoffman\hoffmgu01,30,CIN,5,36,22,36,36,36,0,0,0,0,0,0,0,0,0,0,0
188,Brian Holton\holtobr01,27,LAD,3,53,1,53,53,53,0,0,0,0,0,0,0,0,0,0,0
189,Rick Honeycutt\honeyri01,33,LAD,11,27,20,27,27,27,0,0,0,0,0,0,0,0,0,0,0
190,Ricky Horton\hortori01,27,STL,4,68,6,68,68,67,0,0,0,0,0,0,0,1,1,0,0
191,Paul Householder\housepa02,28,HOU,8,14,1,14,7,0,0,0,0,0,0,0,6,1,7,9,1
192,Ken Howell\howelke01,26,LAD,4,40,2,40,40,40,0,0,0,0,0,0,0,0,0,0,0
193,Glenn Hubbard\hubbagl01,29,ATL,10,141,136,141,139,0,0,0,139,0,0,0,0,0,0,3,0
194,Keith Hughes\hugheke01,23,PHI,1st,37,15,37,19,0,0,0,0,0,0,13,0,6,19,21,0
195,Tom Hume\humeto01,34,2TM,11,49,6,49,49,49,0,0,0,0,0,0,0,0,0,0,0
196,Clint Hurdle\hurdlcl01,29,NYM,10,3,0,3,1,0,0,1,0,0,0,0,0,0,0,2,0
197,Jeff Innis\innisje01,24,NYM,1st,17,1,17,17,17,0,0,0,0,0,0,0,0,0,1,0
198,Chuck Jackson\jacksch03,24,HOU,1st,35,17,35,29,0,0,0,0,16,1,1,12,0,13,9,2
199,Darrin Jackson\jacksda03,23,CHC,2,7,0,7,5,0,0,0,0,0,0,2,3,0,5,4,0
200,Ken Jackson\jackske01,23,PHI,1st,8,5,8,8,0,0,0,0,0,8,0,0,0,0,0,0
201,Michael Jackson\jacksmi02,22,PHI,2,55,7,55,55,55,0,0,0,0,0,0,0,0,0,0,0
202,Chris James\jamesch02,24,PHI,2,115,90,115,108,0,0,0,0,0,0,96,16,5,108,9,7
203,Dion James\jamesdi01,24,ATL,4,134,118,134,126,0,0,0,0,0,0,29,99,0,126,13,0
204,Gregg Jefferies\jeffegr01,19,NYM,1st,6,0,6,0,0,0,0,0,0,0,0,0,0,0,6,0
205,Stan Jefferson\jeffest01,24,SDP,2,116,97,116,107,0,0,0,0,0,0,61,83,0,107,13,1
206,Greg Jelks\jelksgr01,25,PHI,1st,10,3,10,7,0,0,2,0,4,0,1,0,0,1,4,1
207,Steve Jeltz\jeltzst01,28,PHI,5,114,95,114,114,0,0,0,0,0,114,1,0,0,1,1,5
208,Houston Jimenez\jimenho01,29,PIT,3,5,1,5,4,0,0,0,2,0,2,0,0,0,0,1,0
209,Dave Johnson\johnsda04,27,PIT,1st,5,0,5,5,5,0,0,0,0,0,0,0,0,0,0,0
210,Howard Johnson\johnsho01,26,NYM,6,157,153,157,156,0,0,0,0,140,38,2,0,0,2,3,1
211,Lance Johnson\johnsla03,23,STL,1st,33,13,33,25,0,0,0,0,0,0,3,6,17,25,9,2
212,Wallace Johnson\johnswa03,30,MON,6,75,7,75,9,0,0,9,0,0,0,0,0,0,0,68,0
213,Barry Jones\jonesba01,24,PIT,2,32,0,32,32,32,0,0,0,0,0,0,0,0,0,0,0
214,Jimmy Jones\jonesji02,23,SDP,2,32,22,32,30,30,0,0,0,0,0,0,0,0,0,0,2
215,Tracy Jones\jonestr01,26,CIN,2,117,79,117,95,0,0,0,0,0,0,56,34,17,95,29,4
216,Charlie Kerfeld\kerfech01,23,HOU,3,21,0,21,21,21,0,0,0,0,0,0,0,0,0,0,0
217,Sam Khalifa\khalisa01,23,PIT,3,5,5,5,5,0,0,0,0,0,5,0,0,0,0,0,0
218,Bob Kipper\kippebo01,22,PIT,3,26,20,26,24,24,0,0,0,0,0,0,0,0,0,0,2
219,Bob Knepper\kneppbo01,33,HOU,12,33,31,33,33,33,0,0,0,0,0,0,0,0,0,0,0
220,Bill Krueger\kruegbi01,29,LAD,5,2,0,2,2,2,0,0,0,0,0,0,0,0,0,0,0
221,John Kruk\krukjo01,26,SDP,2,138,122,138,127,0,0,101,0,0,0,29,0,0,29,14,0
222,Mike Krukow\krukomi01,35,SFG,12,30,28,30,30,30,0,0,0,0,0,0,0,0,0,0,0
223,Randy Kutcher\kutchra01,27,SFG,2,14,3,14,11,0,0,0,2,2,1,1,4,1,6,2,7
224,Mike LaCoss\lacosmi01,31,SFG,10,39,26,39,39,39,0,0,0,0,0,0,0,0,0,0,0
225,Mike Laga\lagami01,27,STL,6,17,7,17,12,0,0,12,0,0,0,0,0,0,0,6,0
226,Steve Lake\lakest01,30,STL,5,74,50,74,59,0,59,0,0,0,0,0,0,0,0,16,1
227,Les Lancaster\lancale01,25,CHC,1st,27,18,27,27,27,0,0,0,0,0,0,0,0,0,0,0
228,Ken Landreaux\landrke01,32,LAD,11,115,34,115,63,0,0,0,0,0,0,15,6,45,63,62,2
229,Bill Landrum\landrbi01,29,CIN,2,44,2,44,44,44,0,0,0,0,0,0,0,0,0,0,0
230,Tito Landrum\landrti01,32,2TM,8,81,22,81,55,0,0,1,0,0,0,21,7,31,54,39,4
231,Dave LaPoint\lapoida01,27,STL,8,6,2,6,6,6,0,0,0,0,0,0,0,0,0,0,0
232,Barry Larkin\larkiba01,23,CIN,2,125,114,125,119,0,0,0,0,0,119,0,0,0,0,5,4
233,Mike LaValliere\lavalmi01,26,PIT,4,121,99,121,112,0,112,0,0,0,0,0,0,0,0,16,0
234,Vance Law\lawva01,30,MON,8,133,118,133,130,3,0,18,106,22,0,0,0,0,0,6,2
235,Tom Lawless\lawleto01,30,STL,5,19,3,19,11,0,0,0,7,3,0,0,0,1,1,7,2
236,Charlie Lea\leach01,30,MON,6,1,1,1,1,1,0,0,0,0,0,0,0,0,0,0,0
237,Terry Leach\leachte01,33,NYM,5,44,12,44,44,44,0,0,0,0,0,0,0,0,0,0,0
238,Tim Leary\learyti01,28,LAD,6,39,12,39,39,39,0,0,0,0,0,0,0,0,0,0,0
239,Craig Lefferts\leffecr01,29,2TM,5,77,0,77,77,77,0,0,0,0,0,0,0,0,0,0,0
240,Greg Legg\legggr01,27,PHI,2,3,0,3,3,0,0,0,1,1,1,0,0,0,0,0,1
241,Dave Leiper\leipeda01,25,SDP,3,12,0,12,12,12,0,0,0,0,0,0,0,0,0,0,0
242,Jeffrey Leonard\leonaje01,31,SFG,11,131,114,131,127,0,0,0,0,0,0,127,1,0,127,14,0
243,Jose Lind\lindjo01,23,PIT,1st,35,34,35,35,0,0,0,35,0,0,0,0,0,0,0,0
244,Jim Lindeman\lindeji01,25,STL,2,75,57,75,65,0,0,20,0,0,0,1,0,48,49,16,1
245,Davey Lopes\lopesda01,42,HOU,16,47,5,47,5,0,0,0,0,0,0,5,0,0,5,39,3
246,Aurelio Lopez\lopezau01,38,HOU,11,26,0,26,26,26,0,0,0,0,0,0,0,0,0,0,0
247,Ed Lynch\lynched01,31,CHC,8,58,8,58,58,58,0,0,0,0,0,0,0,0,0,0,0
248,Barry Lyons\lyonsba01,27,NYM,2,53,30,53,49,0,49,0,0,0,0,0,0,0,0,5,1
249,Shane Mack\macksh01,23,SDP,1st,105,53,105,92,0,0,0,0,0,0,0,90,2,92,20,10
250,Greg Maddux\maddugr01,21,CHC,2,34,27,34,30,30,0,0,0,0,0,0,0,0,0,0,4
251,Mike Maddux\maddumi01,25,PHI,2,7,2,7,7,7,0,0,0,0,0,0,0,0,0,0,0
252,Bill Madlock\madlobi01,36,LAD,15,21,16,21,16,0,0,1,0,16,0,0,0,0,0,5,0
253,Dave Magadan\magadda01,24,NYM,2,85,42,85,61,0,0,14,0,50,0,0,0,0,0,32,1
254,Joe Magrane\magrajo01,22,STL,1st,28,26,28,27,27,0,0,0,0,0,0,0,0,0,0,1
255,Rick Mahler\mahleri01,33,ATL,9,40,28,40,39,39,0,0,0,0,0,0,0,0,0,1,0
256,Candy Maldonado\maldoca01,26,SFG,7,118,114,118,116,0,0,0,0,0,0,4,0,115,116,4,0
257,Rob Mallicoat\malliro01,22,HOU,1st,4,1,4,4,4,0,0,0,0,0,0,0,0,0,0,0
258,Kirt Manwaring\manwaki01,21,SFG,1st,6,1,6,6,0,6,0,0,0,0,0,0,0,0,0,0
259,Mike Marshall\marshmi02,27,LAD,7,104,102,104,102,0,0,0,0,0,0,0,0,102,102,2,0
260,Carmelo Martinez\martica01,26,SDP,5,139,126,139,134,0,0,65,0,0,0,78,0,0,78,8,1
261,Dave Martinez\martida01,22,CHC,2,142,119,142,139,0,0,0,0,0,0,14,134,3,139,15,1
262,Dennis Martinez\martide01,33,MON,12,22,22,22,22,22,0,0,0,0,0,0,0,0,0,0,0
263,Mike Mason\masonmi01,28,CHC,6,18,4,18,17,17,0,0,0,0,0,0,0,0,0,0,1
264,Roger Mason\masonro01,29,SFG,4,5,5,5,5,5,0,0,0,0,0,0,0,0,0,0,0
265,Greg Mathews\mathegr01,25,STL,2,32,32,32,32,32,0,0,0,0,0,0,0,0,0,0,0
266,Ron Mathis\mathiro01,28,HOU,2,8,0,8,8,8,0,0,0,0,0,0,0,0,0,0,0
267,Gary Matthews\matthga01,36,CHC,16,44,2,44,2,0,0,0,0,0,0,2,0,0,2,42,0
268,Len Matuszek\matusle01,32,LAD,7,16,1,16,3,0,0,3,0,0,0,0,0,0,0,15,0
269,Lee Mazzilli\mazzile01,32,NYM,12,88,15,88,35,0,0,13,0,0,0,12,2,13,26,65,2
270,Lloyd McClendon\mcclell01,28,CIN,1st,45,10,45,19,0,12,5,0,1,0,1,0,0,1,28,3
271,Bob McClure\mcclubo01,35,MON,13,52,0,52,52,52,0,0,0,0,0,0,0,0,0,0,0
272,Lance McCullers\mcculla01,23,SDP,3,78,0,78,78,78,0,0,0,0,0,0,0,0,0,0,0
273,Roger McDowell\mcdowro01,26,NYM,3,56,0,56,56,56,0,0,0,0,0,0,0,0,0,0,0
274,Andy McGaffigan\mcgafan01,30,MON,7,69,0,69,69,69,0,0,0,0,0,0,0,0,0,0,0
275,Willie McGee\mcgeewi01,28,STL,6,153,149,153,152,0,0,0,0,0,1,0,152,0,152,2,0
276,Terry McGriff\mcgrite01,23,CIN,1st,34,23,34,33,0,33,0,0,0,0,0,0,0,0,0,2
277,Kevin McReynolds\mcreyke01,27,NYM,5,151,147,151,150,0,0,0,0,0,0,150,0,0,150,4,0
278,Larry McWilliams\mcwilla01,33,ATL,10,9,2,9,9,9,0,0,0,0,0,0,0,0,0,0,0
279,Dave Meads\meadsda01,23,HOU,1st,45,0,45,45,45,0,0,0,0,0,0,0,0,0,0,0
280,Francisco Melendez\melenfr01,23,SFG,3,12,1,12,5,0,0,5,0,0,0,0,0,0,0,10,0
281,Bob Melvin\melvibo01,25,SFG,3,84,61,84,78,0,78,1,0,0,0,0,0,0,0,9,0
282,Orlando Mercado\mercaor01,25,LAD,5,7,1,7,7,0,7,0,0,0,0,0,0,0,0,0,0
283,Keith Miller\milleke01,24,NYM,1st,25,13,25,16,0,0,0,16,0,0,0,0,0,0,0,10
284,Randy Milligan\millira01,25,NYM,1st,3,0,3,0,0,0,0,0,0,0,0,0,0,0,2,1
285,Eddie Milner\milneed01,32,SFG,8,101,40,101,84,0,0,0,0,0,0,0,84,0,84,25,11
286,Greg Minton\mintogr01,35,SFG,13,15,0,15,15,15,0,0,0,0,0,0,0,0,0,0,0
287,John Mitchell\mitchjo02,21,NYM,2,20,19,20,20,20,0,0,0,0,0,0,0,0,0,0,0
288,Kevin Mitchell\mitchke01,25,2TM,3,131,119,131,123,0,0,0,0,119,1,5,0,1,6,10,0
289,Jeff Montgomery\montgje01,25,CIN,1st,14,1,14,14,14,0,0,0,0,0,0,0,0,0,0,0
290,Keith Moreland\morelke01,33,CHC,10,153,149,153,150,0,0,1,0,150,0,0,0,0,0,2,0
291,John Morris\morrijo07,26,STL,2,101,26,101,74,0,0,0,0,0,0,2,8,68,74,36,7
292,Jim Morrison\morriji01,34,PIT,11,96,87,96,94,0,0,0,9,82,17,0,0,0,0,6,0
293,Darryl Motley\motleda01,27,ATL,6,6,1,6,2,0,0,0,0,0,0,2,0,0,2,4,1
294,Jamie Moyer\moyerja01,24,CHC,2,39,33,39,35,35,0,0,0,0,0,0,0,0,0,0,4
295,Jerry Mumphrey\mumphje01,34,CHC,14,118,76,118,85,0,0,0,0,0,0,78,1,6,85,42,0
296,Dale Murphy\murphda05,31,ATL,12,159,159,159,159,0,0,0,0,0,0,0,0,159,159,0,0
297,Rob Murphy\murphro01,27,CIN,3,87,0,87,87,87,0,0,0,0,0,0,0,0,0,0,0
298,Randy Myers\myersra01,24,NYM,3,54,0,54,54,54,0,0,0,0,0,0,0,0,0,0,0
299,Rob Nelson\nelsoro03,23,SDP,2,10,0,10,2,0,0,2,0,0,0,0,0,0,0,9,0
300,Graig Nettles\nettlgr01,42,ATL,21,112,25,112,44,0,0,6,0,40,0,0,0,0,0,82,0
301,Tom Newell\newelto01,24,PHI,1st,2,0,2,2,2,0,0,0,0,0,0,0,0,0,0,0
302,Reid Nichols\nichore01,28,MON,8,77,42,77,60,0,0,0,0,3,0,7,50,5,59,19,4
303,Tom Niedenfuer\niedeto01,27,LAD,7,15,0,15,15,15,0,0,0,0,0,0,0,0,0,0,0
304,Phil Niekro\niekrph01,48,ATL,24,1,1,1,1,1,0,0,0,0,0,0,0,0,0,0,0
305,Paul Noce\nocepa01,27,CHC,1st,70,47,70,68,0,0,0,36,2,35,0,0,0,0,3,2
306,Dickie Noles\nolesdi01,30,CHC,9,41,1,41,41,41,0,0,0,0,0,0,0,0,0,0,0
307,Eric Nolte\nolteer01,23,SDP,1st,12,12,12,12,12,0,0,0,0,0,0,0,0,0,0,0
308,Nelson Norman\normane01,29,MON,6,1,1,1,1,0,0,0,0,0,1,0,0,0,0,0,0
309,Randy O'Neal\o'neara01,26,2TM,4,18,11,18,17,17,0,0,0,0,0,0,0,0,0,0,1
310,Paul O'Neill\o'neipa01,24,CIN,3,84,32,84,45,1,0,2,0,0,0,14,10,22,42,42,1
311,Ken Oberkfell\oberkke01,31,ATL,11,135,125,135,132,0,0,0,11,126,0,0,0,0,0,5,0
312,Ron Oester\oestero01,31,CIN,10,69,66,69,69,0,0,0,69,0,0,0,0,0,0,0,1
313,Bob Ojeda\ojedabo01,29,NYM,8,10,7,10,10,10,0,0,0,0,0,0,0,0,0,0,0
314,Ed Olwine\olwined01,29,ATL,2,27,0,27,27,27,0,0,0,0,0,0,0,0,0,0,0
315,Jose Oquendo\oquenjo01,23,STL,4,116,55,116,97,1,0,3,32,8,23,8,3,37,46,38,1
316,Jesse Orosco\oroscje01,30,NYM,8,58,0,58,58,58,0,0,0,0,0,0,0,0,0,0,0
317,Junior Ortiz\ortizju01,27,PIT,6,75,55,75,72,0,72,0,0,0,0,0,0,0,0,10,0
318,Pat Pacillo\pacilpa01,23,CIN,1st,13,7,13,12,12,0,0,0,0,0,0,0,0,0,1,0
319,Tom Pagnozzi\pagnoto01,24,STL,1st,27,10,27,24,0,24,1,0,0,0,0,0,0,0,7,0
320,Vicente Palacios\palacvi01,23,PIT,1st,6,4,6,6,6,0,0,0,0,0,0,0,0,0,0,0
321,Rafael Palmeiro\palmera01,22,CHC,2,84,47,84,62,0,0,18,0,0,0,44,0,2,45,31,0
322,David Palmer\palmeda01,29,ATL,8,28,28,28,28,28,0,0,0,0,0,0,0,0,0,0,0
323,Jim Pankovits\pankoji01,31,HOU,4,50,6,50,18,0,0,0,9,4,0,6,0,0,6,35,2
324,Mark Parent\parenma01,25,SDP,2,12,4,12,10,0,10,0,0,0,0,0,0,0,0,2,0
325,Dave Parker\parkeda01,36,CIN,15,153,150,153,150,0,0,9,0,0,0,0,0,142,142,3,0
326,Jeff Parrett\parreje01,25,MON,2,45,0,45,45,45,0,0,0,0,0,0,0,0,0,0,0
327,Lance Parrish\parrila02,31,PHI,11,130,124,130,127,0,127,0,0,0,0,0,0,0,0,5,0
328,Bob Patterson\pattebo01,28,PIT,3,15,7,15,15,15,0,0,0,0,0,0,0,0,0,0,0
329,Al Pedrique\pedrial01,26,2TM,1st,93,69,93,84,0,0,0,3,3,80,0,0,0,0,9,0
330,Alejandro Pena\penaal01,28,LAD,7,37,7,37,37,37,0,0,0,0,0,0,0,0,0,0,0
331,Bert Pena\penabe01,27,HOU,6,21,14,21,20,0,0,0,0,1,19,0,0,0,0,1,0
332,Hipolito Pena\penahi01,23,PIT,2,16,1,16,16,16,0,0,0,0,0,0,0,0,0,0,0
333,Tony Pena\penato01,30,STL,8,116,105,116,114,0,112,4,0,0,0,0,0,2,2,4,0
334,Terry Pendleton\pendlte01,26,STL,4,159,158,159,158,0,0,0,0,158,0,0,0,0,0,1,0
335,Pascual Perez\perezpa01,30,MON,7,12,10,12,10,10,0,0,0,0,0,0,0,0,0,0,2
336,Jon Perlman\perlmjo01,30,SFG,2,10,0,10,10,10,0,0,0,0,0,0,0,0,0,0,0
337,Gerald Perry\perryge01,26,ATL,5,142,131,142,140,0,0,136,0,0,0,7,0,0,7,6,0
338,Pat Perry\perrypa02,28,2TM,3,57,0,57,57,57,0,0,0,0,0,0,0,0,0,0,0
339,Steve Peters\peterst01,24,STL,1st,12,0,12,12,12,0,0,0,0,0,0,0,0,0,1,0
340,Alonzo Powell\powelal01,22,MON,1st,14,9,14,11,0,0,0,0,0,0,10,0,1,11,5,0
341,Ted Power\powerte01,32,CIN,7,35,34,35,34,34,0,0,0,0,0,0,0,0,0,0,1
342,Joe Price\pricejo02,30,SFG,8,20,0,20,20,20,0,0,0,0,0,0,0,0,0,0,0
343,Tom Prince\princto01,22,PIT,1st,4,3,4,4,0,4,0,0,0,0,0,0,0,0,0,0
344,Terry Puhl\puhlte01,30,HOU,11,90,16,90,40,0,0,0,0,0,0,28,5,9,40,60,2
345,Charlie Puleo\puleoch01,32,ATL,6,36,16,36,35,35,0,0,0,0,0,0,0,0,0,0,1
346,Luis Quinones\quinolu01,25,CHC,3,49,21,49,30,0,0,0,4,1,28,0,0,0,0,24,0
347,Tim Raines\raineti01,27,MON,9,139,139,139,139,0,0,0,0,0,0,139,0,0,139,0,0
348,Rafael Ramirez\ramirra01,29,ATL,8,56,40,56,48,0,0,0,0,12,38,0,0,0,0,9,3
349,Mike Ramsey\ramsemi02,26,LAD,1st,48,34,48,43,0,0,0,0,0,0,4,38,1,43,0,9
350,Dennis Rasmussen\rasmude01,28,CIN,5,7,7,7,7,7,0,0,0,0,0,0,0,0,0,0,0
351,Shane Rawley\rawlesh01,31,PHI,10,37,36,37,36,36,0,0,0,0,0,0,0,0,0,1,0
352,Johnny Ray\rayjo01,30,PIT,7,123,115,123,119,0,0,0,119,0,0,0,0,0,0,7,0
353,Randy Ready\readyra01,27,SDP,5,124,89,124,103,0,0,0,51,52,0,16,0,0,16,28,1
354,Jeff Reed\reedje02,24,MON,4,75,61,75,74,0,74,0,0,0,0,0,0,0,0,7,0
355,Jessie Reid\reidje01,25,SFG,1st,6,1,6,3,0,0,0,0,0,0,1,0,2,3,5,0
356,Rick Reuschel\reuscri01,38,2TM,15,34,33,34,34,34,0,0,0,0,0,0,0,0,0,0,0
357,Jerry Reuss\reussje01,38,2TM,19,8,7,8,8,8,0,0,0,0,0,0,0,0,0,0,0
358,Gil Reyes\reyesgi01,23,LAD,4,1,0,1,1,0,1,0,0,0,0,0,0,0,0,0,0
359,Craig Reynolds\reynocr01,34,HOU,13,135,108,135,130,0,0,0,0,2,129,0,0,0,0,14,2
360,R.J. Reynolds\reynor.01,28,PIT,5,117,79,117,99,0,0,0,0,0,0,28,0,72,99,26,3
361,Ronn Reynolds\reynoro02,28,HOU,5,38,30,38,38,0,38,0,0,0,0,0,0,0,0,0,1
362,Wally Ritchie\ritchwa01,21,PHI,1st,49,0,49,49,49,0,0,0,0,0,0,0,0,0,0,0
363,Luis Rivera\riverlu01,23,MON,2,18,7,18,15,0,0,0,0,0,15,0,0,0,0,3,1
364,Don Robinson\robindo01,30,2TM,10,69,0,69,67,67,0,0,0,0,0,0,0,0,0,4,0
365,Jeff Robinson\robinje01,26,2TM,4,81,0,81,81,81,0,0,0,0,0,0,0,0,0,0,0
366,Ron Robinson\robinro01,25,CIN,4,48,18,48,48,48,0,0,0,0,0,0,0,0,0,0,0
367,Gary Roenicke\roeniga01,32,ATL,11,67,43,67,52,0,0,9,0,0,0,40,0,4,44,18,1
368,Ron Roenicke\roeniro01,30,PHI,7,63,7,63,26,0,0,0,0,0,0,9,15,4,26,46,0
369,Tom Romano\romanto01,28,MON,1st,7,0,7,3,0,0,0,0,0,0,3,0,0,3,2,2
370,Mark Ross\rossma01,32,PIT,4,1,0,1,1,1,0,0,0,0,0,0,0,0,0,0,0
371,Wade Rowdon\rowdowa01,26,CHC,4,11,7,11,9,0,0,0,0,9,0,0,0,0,0,2,0
372,Bruce Ruffin\ruffibr01,23,PHI,2,35,35,35,35,35,0,0,0,0,0,0,0,0,0,0,0
373,Paul Runge\rungepa01,29,ATL,7,27,12,27,20,0,0,0,2,10,9,0,0,0,0,5,3
374,John Russell\russejo02,26,PHI,4,24,15,24,17,0,7,0,0,0,0,10,0,0,10,7,0
375,Nolan Ryan\ryanno01,40,HOU,21,34,34,34,34,34,0,0,0,0,0,0,0,0,0,0,0
376,Luis Salazar\salazlu01,31,SDP,8,84,45,84,70,2,0,1,0,38,22,4,6,2,10,20,3
377,Juan Samuel\samueju01,26,PHI,5,160,159,160,160,0,0,0,160,0,0,0,0,0,0,1,0
378,Ryne Sandberg\sandbry01,27,CHC,7,132,130,132,131,0,0,0,131,0,0,0,0,0,0,2,0
379,Scott Sanderson\sandesc01,30,CHC,10,32,22,32,32,32,0,0,0,0,0,0,0,0,0,0,0
380,Rafael Santana\santara01,29,NYM,5,139,129,139,138,0,0,0,0,0,138,0,0,0,0,1,1
381,Benito Santiago\santibe01,22,SDP,2,146,140,146,146,0,146,0,0,0,0,0,0,0,0,0,1
382,Nelson Santovenia\santone01,25,MON,1st,2,0,2,1,0,1,0,0,0,0,0,0,0,0,1,0
383,Mackey Sasser\sassema01,24,2TM,1st,14,4,14,6,0,6,0,0,0,0,0,0,0,0,10,0
384,Jack Savage\savagja01,23,LAD,1st,3,0,3,3,3,0,0,0,0,0,0,0,0,0,0,0
385,Steve Sax\saxst01,27,LAD,7,157,151,157,153,0,0,0,152,1,0,1,0,0,1,5,1
386,Dan Schatzeder\schatda01,32,PHI,11,26,0,26,26,26,0,0,0,0,0,0,0,0,0,3,0
387,Bill Scherrer\scherbi01,29,CIN,6,23,0,23,23,23,0,0,0,0,0,0,0,0,0,0,0
388,Mike Schmidt\schmimi01,37,PHI,16,147,141,147,143,0,0,9,0,138,3,0,0,0,0,6,0
389,Rick Schu\schuri01,25,PHI,4,92,49,92,71,0,0,28,0,45,0,0,0,0,0,29,1
390,Don Schulze\schuldo01,24,NYM,5,5,3,5,5,5,0,0,0,0,0,0,0,0,0,0,0
391,Mike Scioscia\sciosmi01,28,LAD,8,142,128,142,138,0,138,0,0,0,0,0,0,0,0,12,0
392,Mike Scott\scottmi03,32,HOU,9,36,36,36,36,36,0,0,0,0,0,0,0,0,0,0,0
393,Bob Sebra\sebrabo01,25,MON,3,36,27,36,36,36,0,0,0,0,0,0,0,0,0,0,0
394,Mike Sharperson\sharpmi01,25,LAD,1st,10,10,10,10,0,0,0,6,7,0,0,0,0,0,0,0
395,John Shelby\shelbjo01,29,LAD,7,120,117,120,117,0,0,0,0,0,0,0,117,0,117,3,0
396,Razor Shines\shinera01,30,MON,4,6,2,6,2,0,0,2,0,0,0,0,0,0,0,4,0
397,Craig Shipley\shiplcr01,24,LAD,2,26,5,26,23,0,0,0,0,6,18,0,0,0,0,2,2
398,Eric Show\shower01,31,SDP,7,34,34,34,34,34,0,0,0,0,0,0,0,0,0,0,0
399,Ted Simmons\simmote01,37,ATL,20,73,38,73,44,0,15,28,0,2,0,0,0,0,0,34,0
400,Doug Sisk\siskdo01,29,NYM,6,55,0,55,55,55,0,0,0,0,0,0,0,0,0,0,0
401,John Smiley\smilejo01,22,PIT,2,63,0,63,63,63,0,0,0,0,0,0,0,0,0,0,0
402,Bryn Smith\smithbr01,31,MON,7,26,26,26,26,26,0,0,0,0,0,0,0,0,0,0,0
403,Dave Smith\smithda02,32,HOU,8,50,0,50,50,50,0,0,0,0,0,0,0,0,0,0,0
404,Lee Smith\smithle02,29,CHC,8,63,0,63,62,63,0,0,0,0,0,0,0,0,0,0,0
405,Ozzie Smith\smithoz01,32,STL,10,158,153,158,158,0,0,0,0,0,158,0,0,0,0,2,0
406,Pete Smith\smithpe02,21,ATL,1st,6,6,6,6,6,0,0,0,0,0,0,0,0,0,0,0
407,Zane Smith\smithza01,26,ATL,4,41,36,41,36,36,0,0,0,0,0,0,0,0,0,0,5
408,Ray Soff\soffra01,28,STL,2,12,0,12,12,12,0,0,0,0,0,0,0,0,0,0,0
409,Julio Solano\solanju01,27,HOU,5,11,0,11,11,11,0,0,0,0,0,0,0,0,0,0,0
410,Lary Sorensen\sorenla01,31,MON,10,23,5,23,23,23,0,0,0,0,0,0,0,0,0,0,0
411,Mario Soto\sotoma01,30,CIN,11,6,6,6,6,6,0,0,0,0,0,0,0,0,0,0,0
412,Chris Speier\speiech01,37,SFG,17,111,75,111,106,0,0,0,55,44,22,0,0,0,0,16,2
413,Harry Spilman\spilmha01,32,SFG,10,83,6,83,18,0,1,9,0,10,0,0,0,0,0,71,0
414,Randy St. Claire\st.clra01,26,MON,4,44,0,44,44,44,0,0,0,0,0,0,0,0,0,0,0
415,Jim Steels\steelji01,26,SDP,1st,62,6,62,28,0,0,0,0,0,0,17,6,7,28,38,6
416,John Stefero\stefejo01,27,MON,3,18,14,18,17,0,17,0,0,0,0,0,0,0,0,2,0
417,Kurt Stillwell\stillku01,22,CIN,2,131,93,131,101,0,0,0,37,19,52,0,0,0,0,32,3
418,Jeff Stone\stoneje01,26,PHI,5,66,21,66,25,0,0,0,0,0,0,20,5,1,25,41,1
419,Darryl Strawberry\strawda01,25,NYM,5,154,149,154,151,0,0,0,0,0,0,0,0,151,151,3,0
420,Franklin Stubbs\stubbfr01,26,LAD,4,129,102,129,124,0,0,111,0,0,0,13,0,6,18,14,0
421,Jim Sundberg\sundbji01,36,CHC,14,61,35,61,57,0,57,0,0,0,0,0,0,0,0,8,1
422,Rick Sutcliffe\sutclri01,31,CHC,11,35,34,35,34,34,0,0,0,0,0,0,0,0,0,1,0
423,Dorn Taylor\taylodo01,28,PIT,1st,15,8,15,14,14,0,0,0,0,0,0,0,0,0,0,1
424,Kent Tekulve\tekulke01,40,PHI,14,90,0,90,90,90,0,0,0,0,0,0,0,0,0,0,0
425,Garry Templeton\templga01,31,SDP,12,148,141,148,146,0,0,0,0,0,146,0,0,0,0,2,0
426,Scott Terry\terrysc01,27,STL,2,11,0,11,11,11,0,0,0,0,0,0,0,0,0,0,0
427,Tim Teufel\teufeti01,28,NYM,5,97,71,97,93,0,0,1,92,0,0,0,0,0,0,23,1
428,Bob Tewksbury\tewksbo01,26,CHC,2,7,3,7,7,7,0,0,0,0,0,0,0,0,0,0,0
429,Andres Thomas\thomaan01,23,ATL,3,82,80,82,81,0,0,0,0,0,81,0,0,0,0,1,0
430,Milt Thompson\thompmi02,28,PHI,4,150,124,150,146,0,0,0,0,0,0,1,145,1,146,16,2
431,Robby Thompson\thompro01,25,SFG,2,132,118,132,126,0,0,0,126,0,0,0,0,0,0,6,1
432,Dickie Thon\thondi01,29,HOU,9,32,18,32,31,0,0,0,0,0,31,0,0,0,0,11,0
433,Jay Tibbs\tibbsja01,25,MON,4,19,12,19,19,19,0,0,0,0,0,0,0,0,0,0,0
434,Freddie Toliver\tolivfr01,26,PHI,4,10,4,10,10,10,0,0,0,0,0,0,0,0,0,0,0
435,Jeff Treadway\treadje01,24,CIN,1st,23,21,23,21,0,0,0,21,0,0,0,0,0,0,2,0
436,Alex Trevino\trevial01,29,LAD,10,72,34,72,48,0,45,0,0,1,0,1,0,1,2,33,1
437,Manny Trillo\trillma01,36,CHC,15,108,41,108,88,0,0,47,10,35,6,0,0,0,0,29,0
438,Steve Trout\troutst01,29,CHC,10,11,11,11,11,11,0,0,0,0,0,0,0,0,0,0,0
439,John Tudor\tudorjo01,33,STL,9,17,16,17,16,16,0,0,0,0,0,0,0,0,0,1,0
440,Lee Tunnell\tunnele01,26,STL,5,33,9,33,32,32,0,0,0,0,0,0,0,0,0,0,1
441,Jose Uribe\uribejo01,28,SFG,4,95,90,95,95,0,0,0,0,0,95,0,0,0,0,3,0
442,Fernando Valenzuela\valenfe01,26,LAD,8,38,34,38,34,34,0,0,0,0,0,0,0,0,0,4,0
443,Andy Van Slyke\vanslan01,26,PIT,5,157,137,157,151,0,0,1,0,0,0,0,114,36,150,9,2
444,Max Venable\venabma01,30,CIN,9,7,1,7,4,0,0,0,0,0,0,0,4,0,4,2,2
445,Ozzie Virgil\virgioz02,30,ATL,8,123,119,123,122,0,122,0,0,0,0,0,0,0,0,3,0
446,Bob Walk\walkbo01,30,PIT,8,39,12,39,39,39,0,0,0,0,0,0,0,0,0,0,0
447,Chico Walker\walkech01,28,CHC,7,47,23,47,35,0,0,0,0,2,0,25,3,5,33,7,10
448,Tim Wallach\wallati01,29,MON,8,153,150,153,150,1,0,0,0,150,0,0,0,0,0,3,0
449,Ty Waller\wallety01,30,HOU,4,11,0,11,3,0,0,0,0,0,0,1,2,0,3,4,4
450,Denny Walling\wallide01,33,HOU,13,110,86,110,99,0,0,16,0,79,0,6,0,2,7,17,0
451,Gene Walter\waltege01,26,NYM,3,21,0,21,21,21,0,0,0,0,0,0,0,0,0,0,0
452,U L Washington\washiu_01,33,PIT,11,10,1,10,2,0,0,0,0,1,1,0,0,0,0,8,1
453,Mark Wasinger\wasinma01,25,SFG,2,44,16,44,32,0,0,0,10,21,2,0,0,0,0,11,6
454,Mitch Webster\webstmi01,28,MON,5,156,147,156,153,0,0,0,0,0,0,0,0,153,153,8,0
455,Bob Welch\welchbo01,30,LAD,10,38,35,38,35,35,0,0,0,0,0,0,0,0,0,0,3
456,Brad Wellman\wellmbr01,27,LAD,6,3,0,3,3,0,0,0,1,1,1,0,0,0,0,0,0
457,Ed Whitson\whitsed01,32,SDP,11,36,34,36,36,36,0,0,0,0,0,0,0,0,0,0,0
458,Rob Wilfong\wilforo01,33,SFG,11,2,2,2,2,0,0,0,2,0,0,0,0,0,0,0,0
459,Frank Williams\willifr01,29,CIN,4,85,0,85,85,85,0,0,0,0,0,0,0,0,0,0,0
460,Matt Williams\willima04,21,SFG,1st,84,73,84,81,0,0,0,0,17,70,0,0,0,0,3,2
461,Reggie Williams\willire01,26,LAD,3,39,8,39,30,0,0,0,0,0,0,16,6,9,30,13,4
462,Glenn Wilson\wilsogl01,28,PHI,6,154,148,154,154,1,0,0,0,0,0,0,0,154,154,2,0
463,Mookie Wilson\wilsomo01,31,NYM,8,124,76,124,111,0,0,0,0,0,0,20,88,14,111,38,1
464,Robbie Wine\winero01,24,HOU,2,14,8,14,12,0,12,0,0,0,0,0,0,0,0,3,0
465,Herm Winningham\winnihe01,25,MON,4,137,82,137,131,0,0,0,0,0,0,0,131,0,131,22,9
466,Ed Wojna\wojnaed01,26,SDP,3,5,3,5,5,5,0,0,0,0,0,0,0,0,0,0,0
467,Mike Woodard\woodami01,27,SFG,3,10,3,10,8,0,0,0,8,0,0,0,0,0,0,2,3
468,Tracy Woodson\woodstr01,24,LAD,1st,53,37,53,49,0,0,7,0,45,0,0,0,0,0,4,2
469,Todd Worrell\worreto01,27,STL,3,75,0,75,75,75,0,0,0,0,0,0,0,1,1,0,0
470,Marvell Wynne\wynnema01,27,SDP,5,98,40,98,72,0,0,0,0,0,0,33,40,5,72,35,3
471,Floyd Youmans\youmafl01,23,MON,3,23,23,23,23,23,0,0,0,0,0,0,0,0,0,0,0
472,Gerald Young\youngge02,22,HOU,1st,71,64,71,67,0,0,0,0,0,0,0,67,0,67,3,1
473,Matt Young\youngma01,28,LAD,5,47,0,47,46,47,0,0,0,0,0,0,0,0,0,0,0
474,Joel Youngblood\youngjo02,35,SFG,12,69,15,69,24,0,0,0,0,2,0,9,1,14,22,47,2
475,Steve Ziem\ziemst01,25,ATL,1st,2,0,2,2,2,0,0,0,0,0,0,0,0,0,0,0